sheet	total	age
H:\PURCHASING\02 QUOTES\01 MATERIAL & COMPONENT Suppliers\3M\AT16150D152 INS TC1503 150G DBL SCRM ROLL HR3\01 Current Quote\AT16150D152 INS TC1503 150G DBL SCRM ROLL HR3.xlsx	0	old
H:\PURCHASING\02 QUOTES\01 MATERIAL & COMPONENT Suppliers\3M\AT18300D152 INS 3047 300G DBL SCRM ROLL HR3\01 Current Quote\AT18300D152 INS 3047 300G DBL SCRM ROLL HR3.xlsx	0	old
H:\PURCHASING\02 QUOTES\01 MATERIAL & COMPONENT Suppliers\3M\AT21190D152 INS TC-1803 DBL SCRM ROLL GC7\01 Current Quote\AT21190D152 INS TC-1803 DBL SCRM ROLL GC7.xlsx	0	old
H:\PURCHASING\02 QUOTES\01 MATERIAL & COMPONENT Suppliers\3M\AT23400D152 INS 4047 400G DB; SCR, RP;;-GC7 CARRYOVER\01 Current Quote\AT23400D152 INS 4047 400G DB; SCR, RP;;-GC7 CARRYOVER.xlsx	0	old
H:\PURCHASING\02 QUOTES\01 MATERIAL & COMPONENT Suppliers\3M\AT27232D152 INS TC-2303 DBL SCDRM (600 ft) ROLL GC7\01 Current Quote\AT27232D152 INS TC-2303 DBL SCDRM (600 ft) ROLL GC7.xlsx	0	old
H:\PURCHASING\02 QUOTES\01 MATERIAL & COMPONENT Suppliers\3M\AT41340D152 INSULATOR TC-3403 GC7-CARRYOVER\01 Current Quote\AT41340D152 INSULATOR TC-3403 GC7-CARRYOVER.xlsx	0	old
H:\PURCHASING\02 QUOTES\01 MATERIAL & COMPONENT Suppliers\BASF\RISEXRN10423 EXR-N 10423A UST ISOCYANATE\01 Current Quote\RISEXRN10423 EXR-N 10423A UST ISOCYANATE Eff. 4-1-21.xlsx	0	old
H:\PURCHASING\02 QUOTES\01 MATERIAL & COMPONENT Suppliers\BASF\RPUEXRN10423 EXR-N10423A USR POLY RESIN\01 Current Quote\RPUEXRN10423 EXR-N10423A USR POLY RESIN Eff. 4-1-21.xlsx	0	old
H:\PURCHASING\02 QUOTES\01 MATERIAL & COMPONENT Suppliers\Bostik\AD0500000S HOT MELT ADHESIVE H9446 SUBARU\01 Current Quote\AD0500000S HOT MELT ADHESIVE H9446  1-24-2020.xlsx	0	old
H:\PURCHASING\02 QUOTES\01 MATERIAL & COMPONENT Suppliers\Bostik\AD0500000S HOT MELT ADHESIVE H9446 SUBARU\01 Current Quote\HOT MELT ADHESIVE H9446  1-24-2020.xlsx	0	old
H:\PURCHASING\02 QUOTES\01 MATERIAL & COMPONENT Suppliers\Bridgestone\S72014880 PAD DR FR RH-HR3\01 Current Quote\PAD DR FR RH-HR3.xlsx	0	old
H:\PURCHASING\02 QUOTES\01 MATERIAL & COMPONENT Suppliers\Bridgestone\S72014880 PAD DR FR RH-HR3\01 Current Quote\S72014880 PAD DR FR RH-HR3.xlsx	0	old
H:\PURCHASING\02 QUOTES\01 MATERIAL & COMPONENT Suppliers\Bridgestone\S72014890 PAD DR FR LH-HR3\01 Current Quote\PAD DR FR LH-HR3.xlsx	0	old
H:\PURCHASING\02 QUOTES\01 MATERIAL & COMPONENT Suppliers\Bridgestone\S72014890 PAD DR FR LH-HR3\01 Current Quote\S72014890 PAD DR FR LH-HR3.xlsx	0	old
H:\PURCHASING\02 QUOTES\01 MATERIAL & COMPONENT Suppliers\Derby Fabricating Solutions\96085AN05A CUSHION CTR G-GC7\01 Current Quote\96085AN05A CUSHION CTR G.xlsx	0	old
H:\PURCHASING\02 QUOTES\01 MATERIAL & COMPONENT Suppliers\Derby Fabricating Solutions\96085AN06A CUSHION SD A-GC7\01 Current Quote\96085AN06A CUSHION SD A.xlsx	0	old
H:\PURCHASING\02 QUOTES\01 MATERIAL & COMPONENT Suppliers\Derby Fabricating Solutions\96085AN07A CUSHION SD B-GC7\01 Current Quote\96085AN07A CUSHION SD B.xlsx	0	old
H:\PURCHASING\02 QUOTES\01 MATERIAL & COMPONENT Suppliers\Derby Fabricating Solutions\96085AN08A CUSHION SD C-GC7\01 Current Quote\96085AN08A CUSHION SD C.xlsx	0	old
H:\PURCHASING\02 QUOTES\01 MATERIAL & COMPONENT Suppliers\Derby Fabricating Solutions\CB700CL200 ROLL CLEAR TAPE-GC7\01 Current Quote\CB700CL200 ROLL CLEAR TAPE.xlsx	0	old
H:\PURCHASING\02 QUOTES\01 MATERIAL & COMPONENT Suppliers\Derby Fabricating Solutions\S72015580 NON WOVEN TAPE SUN-GC7\01 Current Quote\S72015580 NON WOVEN TAPE SUN.xlsx	0	old
H:\PURCHASING\02 QUOTES\01 MATERIAL & COMPONENT Suppliers\Derby Fabricating Solutions\S72015760 NON WOVEN TAPE-GC7\01 Current Quote\S72015760 NON WOVEN TAPE.xlsx	0	old
H:\PURCHASING\02 QUOTES\01 MATERIAL & COMPONENT Suppliers\Derby Fabricating Solutions\S72015770 NON WOVEN TAPE-GC7\01 Current Quote\S72015770 NON WOVEN TAPE.xlsx	0	old
H:\PURCHASING\02 QUOTES\01 MATERIAL & COMPONENT Suppliers\Derby Fabricating Solutions\S72015780 NON WOVEN TAPE-GC7\01 Current Quote\S72015780 NON WOVEN TAPE.xlsx	0	old
H:\PURCHASING\02 QUOTES\01 MATERIAL & COMPONENT Suppliers\Fuji Component Parts\010106160 FLANGE BOLT\01 Current Quote\010106160 FLANGE BOLT Eff. 7-1-2020.xlsx	0	old
H:\PURCHASING\02 QUOTES\01 MATERIAL & COMPONENT Suppliers\Fuji Component Parts\031008000 Washer\01 Current Quote\031008000 Washer.xlsx	0	old
H:\PURCHASING\02 QUOTES\01 MATERIAL & COMPONENT Suppliers\Fuji Component Parts\045104100 TAPPING CREW 2 BF4\01 Current Quote\045104100 TAPPING CREW 2 BF4.xlsx	0	old
H:\PURCHASING\02 QUOTES\01 MATERIAL & COMPONENT Suppliers\Fuji Component Parts\901020026 BOLT FLG M6\01 Current Quote\901020026 BOLT FL6 M6.xlsx	0	old
H:\PURCHASING\02 QUOTES\01 MATERIAL & COMPONENT Suppliers\Fuji Component Parts\902960004 NUT SLIDE M5\01 Current Quote\902960004 NUT SLIDE M5 Eff. 7-1-2020.xlsx	0	old
H:\PURCHASING\02 QUOTES\01 MATERIAL & COMPONENT Suppliers\Fuji Component Parts\903120004 Washer Setting M6\01 Current Quote\903120004 Washer Setting M6.xlsx	0	old
H:\PURCHASING\02 QUOTES\01 MATERIAL & COMPONENT Suppliers\Fuji Component Parts\904320022 Screw M5x6\01 Current Quote\904320022 Screw M5x6.xlsx	0	old
H:\PURCHASING\02 QUOTES\01 MATERIAL & COMPONENT Suppliers\Fuji Component Parts\904500013 TS M 5x16 (SAME AS 045005160)\01 Current Quote\904500013 (045005160) Screw Tap TRU M6.xlsx	0	old
H:\PURCHASING\02 QUOTES\01 MATERIAL & COMPONENT Suppliers\Fuji Component Parts\904500024 Tapping Screw\01 Current Quote\904500024 Tapping Screw.xlsx	0	old
H:\PURCHASING\02 QUOTES\01 MATERIAL & COMPONENT Suppliers\Fuji Component Parts\904500025 Screw\01 Current Quote\904500025 Screw.xlsx	0	old
H:\PURCHASING\02 QUOTES\01 MATERIAL & COMPONENT Suppliers\Fuji Component Parts\904500031 Tapping Screw (SAME AS 045004120)\01 Current Quote\904500031 (045004120) Tapping Screw.xlsx	0	old
H:\PURCHASING\02 QUOTES\01 MATERIAL & COMPONENT Suppliers\Fuji Component Parts\904500034 Screw Tap 4x12\01 Current Quote\904500034 Screw Tap 4x12.xlsx	0	old
H:\PURCHASING\02 QUOTES\01 MATERIAL & COMPONENT Suppliers\Fuji Component Parts\904500036 TAPPING SCREW M3X10 GC7\01 Current Quote\904500036 TAPPING SCREW M3X10 GC7.xlsx	0	old
H:\PURCHASING\02 QUOTES\01 MATERIAL & COMPONENT Suppliers\Fuji Component Parts\909130113 Clip Grommet BF4\01 Current Quote\909130113 Clip Grommet BF4.xlsx	0	old
H:\PURCHASING\02 QUOTES\01 MATERIAL & COMPONENT Suppliers\Fuji Component Parts\96064AN00A Slide Nut GC7\01 Current Quote\96064AN00A Slide Nut GC7.xlsx	0	old
H:\PURCHASING\02 QUOTES\01 MATERIAL & COMPONENT Suppliers\Fuji Component Parts\S74502260A Washer BD6\01 Current Quote\S74502260A Washer BD6.xlsx	0	old
H:\PURCHASING\02 QUOTES\01 MATERIAL & COMPONENT Suppliers\Fuji Component Parts\S74502640 Tapping Screw\01 Current Quote\S74502640 Tapping Screw.xlsx	0	old
H:\PURCHASING\02 QUOTES\01 MATERIAL & COMPONENT Suppliers\Fuji Component Parts\S87003150 Cable Clamp BF4\01 Current Quote\S87003150 Cable Clamp BF4.xlsx	0	old
H:\PURCHASING\02 QUOTES\01 MATERIAL & COMPONENT Suppliers\HB Fuller\22014-7N CATALYST (BLUE)\01 Current Quote\22014-7N CATALYST (BLUE).xlsx	0	old
H:\PURCHASING\02 QUOTES\01 MATERIAL & COMPONENT Suppliers\HB Fuller\3U057 SWIFT BOND ADHESIVE\01 Current Quote\3U057 SWIFT BOND ADHESIVE.xlsx	0	old
H:\PURCHASING\02 QUOTES\01 MATERIAL & COMPONENT Suppliers\Heritage\66300AN00A IP BEAM GC7\01 Current Quote\66300AN00A IP BEAM.xlsx	0	old
H:\PURCHASING\02 QUOTES\01 MATERIAL & COMPONENT Suppliers\Heritage\66300XC00A IP BEAM TR8\01 Current Quote\66300XC00A IP BEAM TR8.xlsx	0	old
H:\PURCHASING\02 QUOTES\01 MATERIAL & COMPONENT Suppliers\Heritage\S13009330 REINF F CP HR3\01 Current Quote\S13009330 REINF F CP HR3.xlsx	0	old
H:\PURCHASING\02 QUOTES\01 MATERIAL & COMPONENT Suppliers\Heritage\S13009350 REINF R CP HR3\01 Current Quote\S13009350 REINF R CP HR3.xlsx	0	old
H:\PURCHASING\02 QUOTES\01 MATERIAL & COMPONENT Suppliers\HR Tech\FSF62F148183 HR3 SDN HL Foam\01 Current Quote\FSF62F148183 HR3 SDN HL Foam.xlsx	0	old
H:\PURCHASING\02 QUOTES\01 MATERIAL & COMPONENT Suppliers\HR Tech\FSF62F148213 HR3 WGN HL Foam\01 Current Quote\FSF62F148213 HR3 WGN HL Foam.xlsx	0	old
H:\PURCHASING\02 QUOTES\01 MATERIAL & COMPONENT Suppliers\HR Tech\FSR62F140240 GC7 OBK Urethane\01 Current Quote\FSR62F140240 GC7 OBK Urethane_Feb 4 2019.xlsx	0	old
H:\PURCHASING\02 QUOTES\01 MATERIAL & COMPONENT Suppliers\HR Tech\FSR62F140240 GC7 OBK Urethane\01 Current Quote\GC7 OBK Urethane_Feb 4 2019.xlsx	0	old
H:\PURCHASING\02 QUOTES\01 MATERIAL & COMPONENT Suppliers\HR Tech\FSR62F144193 GC7 SDN HL Foam\01 Current Quote\FSR62F144193 GC7 SDN HL Foam_Feb 4 2019.xlsx	0	old
H:\PURCHASING\02 QUOTES\01 MATERIAL & COMPONENT Suppliers\INOAC\S72015360 PAD DR FRONT RH-GC7\01 Current Quote\S72015360 PAD DR FRONT RH -GC7.xlsx	0	old
H:\PURCHASING\02 QUOTES\01 MATERIAL & COMPONENT Suppliers\INOAC\S72015370 PAD DR FRONT LH -GC7\01 Current Quote\S72015370 PAD DR FRONT LH -GC7.xlsx	0	old
H:\PURCHASING\02 QUOTES\01 MATERIAL & COMPONENT Suppliers\Iwata Bolt\S93400070A RIVET TR8\01 Current Quote\S93400070A RIVET TR8.xlsx	0	old
H:\PURCHASING\02 QUOTES\01 MATERIAL & COMPONENT Suppliers\Liochem\RMB00618VHP COLORANT ATX952VH BAG\01 Current Quote\RMB00618VHP COLORANT ATX952VH BAG.xlsx	0	old
H:\PURCHASING\02 QUOTES\01 MATERIAL & COMPONENT Suppliers\Liochem\RMB00652BVHP COLORANT PP2173VH BAG\01 Current Quote\RMB00652BVHP COLORANT PP2173VH BAG.xlsx	0	old
H:\PURCHASING\02 QUOTES\01 MATERIAL & COMPONENT Suppliers\Liochem\RMB00659VHP COLORANT ATX937ATX936H BAG\01 Current Quote\RMB00659VHP COLORANT ATX937ATX936VH BAG.xlsx	0	old
H:\PURCHASING\02 QUOTES\01 MATERIAL & COMPONENT Suppliers\Liochem\RMB00691BKP COLORANT AB BLACK BAG\01 Current Quote\RMB00691BKP COLORANT ABS BLACK BAG.xlsx	0	old
H:\PURCHASING\02 QUOTES\01 MATERIAL & COMPONENT Suppliers\Liochem\RMB01161BVH MB-ATX1207-VH-01161B-VH COLORANT-HR3\01 Current Quote\RMB01161BVH MB-ATX1207-VH-01161B-VH COLORANT-HR3.xlsx	0	old
H:\PURCHASING\02 QUOTES\01 MATERIAL & COMPONENT Suppliers\Liochem\RMB01567NKP COLORANT LPM-NK-01567 BAG\01 Current Quote\COLORANT LPM-NK-01567.xlsx	0	old
H:\PURCHASING\02 QUOTES\01 MATERIAL & COMPONENT Suppliers\Liochem\RMB01567NKP COLORANT LPM-NK-01567 BAG\01 Current Quote\RMB01567NKP COLORANT LPM-NK-01567.xlsx	0	old
H:\PURCHASING\02 QUOTES\01 MATERIAL & COMPONENT Suppliers\Liochem\RMB91314MEP COLORANT LA880ME BAG\01 Current Quote\RMB91314MEP COLORANT LA880ME BAG.xlsx	0	old
H:\PURCHASING\02 QUOTES\01 MATERIAL & COMPONENT Suppliers\Liochem\RMB91367GRP COLORANT ABS GRAY BAG\01 Current Quote\RMB91367GRP COLORANT ABS GRAY BAG.xlsx	0	old
H:\PURCHASING\02 QUOTES\01 MATERIAL & COMPONENT Suppliers\Marubeni\RPF1207NAXX ADX1207 Natural\01 Current Quote\RPF1207NAXX ADX1207 Natural.xlsx	0	old
H:\PURCHASING\02 QUOTES\01 MATERIAL & COMPONENT Suppliers\Marubeni\RPF1236NAXX ADX1236 Natural\01 Current Quote\RPF1236NAB0 ADX1236 Natural.xlsx	0	old
H:\PURCHASING\02 QUOTES\01 MATERIAL & COMPONENT Suppliers\Marubeni\RPF1236NAXX ADX1236 Natural\01 Current Quote\RPF1236NAG0 ADX1236 Natural.xlsx	0	old
H:\PURCHASING\02 QUOTES\01 MATERIAL & COMPONENT Suppliers\Marubeni\RPP952NAG1 ATX952 Natural\01 Current Quote\RPP952NAG1 ATX952 Natural.xlsx	0	old
H:\PURCHASING\02 QUOTES\01 MATERIAL & COMPONENT Suppliers\Midwest Weld Source\40304KC28C07 BF4 Welding Wire\01 Current Quote\40304KC28C07 BF4 Welding Wire.xlsx	0	old
H:\PURCHASING\02 QUOTES\01 MATERIAL & COMPONENT Suppliers\Mitsubishi\RTP824BKG0 TPO TT824 BLK GAYLORD\01 Current Quote\RTP824BKG0 TPO TT824 BLK GAYLORD.xlsx	0	old
H:\PURCHASING\02 QUOTES\01 MATERIAL & COMPONENT Suppliers\Moriden\56421FL00A HR3 INSULTATOR UC\01 Current Quote\56421FL00A HR3 INSULTATOR UC - 2017CR - 20170321.xlsx	0	old
H:\PURCHASING\02 QUOTES\01 MATERIAL & COMPONENT Suppliers\Moriden\S72015650 INSULTATOR\01 Current Quote\S72015650 INSULTATOR.xlsx	0	old
H:\PURCHASING\02 QUOTES\01 MATERIAL & COMPONENT Suppliers\Moriden\WN20110VH01 NWF200GR2VH 1100MM WIDTH 36D (APRON)\01 Current Quote\WN20110VH01 NWF200GR2VH APRON.xlsx	0	old
H:\PURCHASING\02 QUOTES\01 MATERIAL & COMPONENT Suppliers\Moriden\WN20146VH00 NWF 200GR2VH 1460mmW\01 Current Quote\WN20146VH00 NWF 200GR2VH 1460mmW.xlsx	0	old
H:\PURCHASING\02 QUOTES\01 MATERIAL & COMPONENT Suppliers\Moriden\WN20146VH00 NWF 200GR2VH 1460mmW\01 Current Quote\WN20146WH00 NWF 200GR2VH 1460mmW.xlsx	0	old
H:\PURCHASING\02 QUOTES\01 MATERIAL & COMPONENT Suppliers\Morimura\RAB50167BKG0 UB-501K R-1 RHB67 BK RESIN\01 Current Quote\RAB50167BKG0 UB-501K R-1 RHB67 BK RESIN.xlsx	0	old
H:\PURCHASING\02 QUOTES\01 MATERIAL & COMPONENT Suppliers\Morimura\RABMTH-2NAG0 ABS RESIN MTH-2 NATURAL SS\01 Current Quote\RABMTH-2NAG0  NJQ20-033_2020-11-06.xlsx	0	old
H:\PURCHASING\02 QUOTES\01 MATERIAL & COMPONENT Suppliers\Mytex\RPF11502NAG0 AS115KWS02-Natural\01 Current Quote\RPF11502NAG0 AS115KWS02-Natural 4-1-21 THRU 9-30-21.xlsx	0	old
H:\PURCHASING\02 QUOTES\01 MATERIAL & COMPONENT Suppliers\Mytex\RPF280LWG0 AS280LW RESIN\01 Current Quote\AS280LW RESIN Eff. 4-1-21 thru 9-30-21.xlsx	0	old
H:\PURCHASING\02 QUOTES\01 MATERIAL & COMPONENT Suppliers\Mytex\RPF280LWG0 AS280LW RESIN\01 Current Quote\RPF280LWG0 AS280LW RESIN Eff. 4-1-21 thru 9-30-21.xlsx	0	old
H:\PURCHASING\02 QUOTES\01 MATERIAL & COMPONENT Suppliers\Mytex\RPF288LWG0 AS288LW PPF RESIN (BLACK)-TR8\01 Current Quote\RPF288LWG0 AS 288 LW PPF RESIN (BLACK)-TR8 4-1-21 thru 9-30-21.xlsx	0	old
H:\PURCHASING\02 QUOTES\01 MATERIAL & COMPONENT Suppliers\Mytex\RPP162BKB0 PP AS162LW Bulk\01 Current Quote\RPP162BKB0 PP AS162LW Bulk 4-1-21 thru 9-30-21.xlsx	0	old
H:\PURCHASING\02 QUOTES\01 MATERIAL & COMPONENT Suppliers\Mytex\RPP162BKG0 PP AS162LW GAYLORD SUBARU\01 Current Quote\RPP162BKG0 PP AS162LW GAYLORD 4-1-21 thru 9-30-21.xlsx	0	old
H:\PURCHASING\02 QUOTES\01 MATERIAL & COMPONENT Suppliers\Nagase\4654POLYBLK 4654 Polyblk\01 Current Quote\4654POLYBLK 4654 Polyblk.xlsx	0	old
H:\PURCHASING\02 QUOTES\01 MATERIAL & COMPONENT Suppliers\Nagase\RPEL6201NB0 LL6201.19 Natural Bulk\01 Current Quote\LL6201.19 NATURAL BULK.xlsx	0	old
H:\PURCHASING\02 QUOTES\01 MATERIAL & COMPONENT Suppliers\Nagase\RPEL6201NB0 LL6201.19 Natural Bulk\01 Current Quote\RPEL6201NB0 LL6201.19 NATURAL BULK.xlsx	0	old
H:\PURCHASING\02 QUOTES\01 MATERIAL & COMPONENT Suppliers\Nagase\RPEL6201NG0 LL6201.19 Natural Gaylord\01 Current Quote\LL6201.19 NATURAL GAYLORD.xlsx	0	old
H:\PURCHASING\02 QUOTES\01 MATERIAL & COMPONENT Suppliers\Nagase\RPEL6201NG0 LL6201.19 Natural Gaylord\01 Current Quote\RPEL6201NG0 LL6201.19 NATURAL GAYLORD.xlsx	0	old
H:\PURCHASING\02 QUOTES\01 MATERIAL & COMPONENT Suppliers\Nagase\RPP4211NAB0 4211 Natural Bulk Truck\01 Current Quote\4211 Natural (Bulk Truck).xlsx	0	old
H:\PURCHASING\02 QUOTES\01 MATERIAL & COMPONENT Suppliers\Nagase\RPP4211NAB0 4211 Natural Bulk Truck\01 Current Quote\RPP4211NAB0 4211 Natural (Bulk Truck).xlsx	0	old
H:\PURCHASING\02 QUOTES\01 MATERIAL & COMPONENT Suppliers\Nagase\RPP4211NAG0 4211 Natural Gaylord\01 Current Quote\4211 Natural Gaylord.xlsx	0	old
H:\PURCHASING\02 QUOTES\01 MATERIAL & COMPONENT Suppliers\Nagase\RPP4211NAG0 4211 Natural Gaylord\01 Current Quote\RPP4211NAG0 4211 Natural Gaylord.xlsx	0	old
H:\PURCHASING\02 QUOTES\01 MATERIAL & COMPONENT Suppliers\Nifco America\909130223 GC7 PLR CVR CLIP\01 Current Quote\909130223 GC7 PLR CVR CLIP.xlsx	0	old
H:\PURCHASING\02 QUOTES\01 MATERIAL & COMPONENT Suppliers\Nippon Steel Pipe America\S13010510 BEAM STRG SOZAI HR3\01 Current Quote\S13010510 BEAM STRG SOZAI HR3_2020-05-27.xlsx	0	old
H:\PURCHASING\02 QUOTES\01 MATERIAL & COMPONENT Suppliers\Nitto Denko - Ohio\57252XC05A EPT SEALER SD TR8\01 Current Quote\57252XC05A EPT SEALER SD TR8.xlsx	0	old
H:\PURCHASING\02 QUOTES\01 MATERIAL & COMPONENT Suppliers\Nitto Denko - Ohio\57252XC06A EPT SEALER CTR TR8\01 Current Quote\57252XC06A EPT SEALER CTR TR8.xlsx	0	old
H:\PURCHASING\02 QUOTES\01 MATERIAL & COMPONENT Suppliers\Nitto Denko - Ohio\57252XC08A EPT SEALER A TR8\01 Current Quote\57252XC08A EPT SEALER A TR8.xlsx	0	old
H:\PURCHASING\02 QUOTES\01 MATERIAL & COMPONENT Suppliers\Nitto Denko - Ohio\59131AJ10A INSULATOR F RH- TR8\01 Current Quote\59131AJ10A INSULATOR F RH-TR8.xlsx	0	old
H:\PURCHASING\02 QUOTES\01 MATERIAL & COMPONENT Suppliers\Nitto Denko - Ohio\59131AJ11A INSULATOR F LH- TR8\01 Current Quote\59131AJ11A INSULATOR F LH-TR8.xlsx	0	old
H:\PURCHASING\02 QUOTES\01 MATERIAL & COMPONENT Suppliers\Nitto Denko - Ohio\66226AN00A CUSHION INP 9X9X1450 GC7\01 Current Quote\66226AN00A CUSHION IMP-GC7.xlsx	0	old
H:\PURCHASING\02 QUOTES\01 MATERIAL & COMPONENT Suppliers\Nitto Denko - Ohio\66226XC00A CUSHION INP TR8\01 Current Quote\66226XC00A CUSHION INP TR8.xlsx	0	old
H:\PURCHASING\02 QUOTES\01 MATERIAL & COMPONENT Suppliers\Nitto Denko - Ohio\96085AN00A CUSHION CTR D GC7\01 Current Quote\96085AN00A CUSHION CTR D-GC7.xlsx	0	old
H:\PURCHASING\02 QUOTES\01 MATERIAL & COMPONENT Suppliers\Nitto Denko - Ohio\96085AN02A CUSHION CTR B (S95301090) GC7\01 Current Quote\96085AN02A CUSHION CTR B-GC7.xlsx	0	old
H:\PURCHASING\02 QUOTES\01 MATERIAL & COMPONENT Suppliers\Nitto Denko - Ohio\96085AN03A CUSHION CTR C (S95301100)GC7\01 Current Quote\96085AN03A (S95301100) CUSHION CTR C-GC7.xlsx	0	old
H:\PURCHASING\02 QUOTES\01 MATERIAL & COMPONENT Suppliers\Nitto Denko - Ohio\96085AN04A CUSHION CTR F (S95301130)GC7\01 Current Quote\96085AN04A  (S95301130) CUSHION CTR F-GC7.xlsx	0	old
H:\PURCHASING\02 QUOTES\01 MATERIAL & COMPONENT Suppliers\Nitto Denko - Ohio\S72006250 CUSHION D-GC7 CARRYOVER\01 Current Quote\S72006250 CUSHION D-GC7 CARRYOVER.xlsx	0	old
H:\PURCHASING\02 QUOTES\01 MATERIAL & COMPONENT Suppliers\Nitto Denko - Ohio\S72008780 CUSHION D PLR-GC7 CARRYOVER\01 Current Quote\S72008780 CUSHION D PLR-GC7 CARRYOVER.xlsx	0	old
H:\PURCHASING\02 QUOTES\01 MATERIAL & COMPONENT Suppliers\Nitto Denko - Ohio\S72009500 CUSHION DR UPR R B EZ5-HR3 CARRYOVER\01 Current Quote\S72009500 CUSHION DR UPR R B EZ5-HR3 CARRYOVER.xlsx	0	old
H:\PURCHASING\02 QUOTES\01 MATERIAL & COMPONENT Suppliers\Nitto Denko - Ohio\S72010070 TAPE APRON-GC7 CARRYOVER\01 Current Quote\S72010070 TAPE APRON-GC7 CARRYOVER.xlsx	0	old
H:\PURCHASING\02 QUOTES\01 MATERIAL & COMPONENT Suppliers\Nitto Denko - Ohio\S72011850 CUSHION DR A-GC7 CARRYOVER\01 Current Quote\S72011850 CUSHION DR A-GC7 CARRYOVER.xlsx	0	old
H:\PURCHASING\02 QUOTES\01 MATERIAL & COMPONENT Suppliers\Nitto Denko - Ohio\S72011910 CUSHION PLR A-GC7 CARRYOVER\01 Current Quote\S72011910 CUSHION PLR A-GC7 CARRYOVER.xlsx	0	old
H:\PURCHASING\02 QUOTES\01 MATERIAL & COMPONENT Suppliers\Nitto Denko - Ohio\S72011920 CUSHION PLR B-GC7 CARRYOVER\01 Current Quote\S72011920 CUSHION PLR B-GC7 CARRYOVER.xlsx	0	old
H:\PURCHASING\02 QUOTES\01 MATERIAL & COMPONENT Suppliers\Nitto Denko - Ohio\S72012010 CUSHION APRON FLG-GC7 CARRYOVER\01 Current Quote\S72012010 CUSHION APRON FLG-GC7 CARRYOVER.xlsx	0	old
H:\PURCHASING\02 QUOTES\01 MATERIAL & COMPONENT Suppliers\Nitto Denko - Ohio\S72012100 NON WOVEN TAPE-GC7 CARRYOVER\01 Current Quote\S72012100 NON WOVEN TAPE-GC7 CARRYOVER.xlsx	0	old
H:\PURCHASING\02 QUOTES\01 MATERIAL & COMPONENT Suppliers\Nitto Denko - Ohio\S72014190 CUSHION PLR HR3\01 Current Quote\S72014190 CUSHION PLR HR3.xlsx	0	old
H:\PURCHASING\02 QUOTES\01 MATERIAL & COMPONENT Suppliers\Nitto Denko - Ohio\S72014510 CUSHION D PLR HR3\01 Current Quote\S72014510 CUSHION D PLR HR3.xlsx	0	old
H:\PURCHASING\02 QUOTES\01 MATERIAL & COMPONENT Suppliers\Nitto Denko - Ohio\S72014530 NON-WOVEN TAPE HR3\01 Current Quote\S72014530 NON WOVEN TAPE HR3.xlsx	0	old
H:\PURCHASING\02 QUOTES\01 MATERIAL & COMPONENT Suppliers\Nitto Denko - Ohio\S72014700 CUSHION R SHELF HR3\01 Current Quote\S72014700 CUSHION R SHELF HR3.xlsx	0	old
H:\PURCHASING\02 QUOTES\01 MATERIAL & COMPONENT Suppliers\Nitto Denko - Ohio\S95301200 CUSHION TR8\01 Current Quote\S95301200 CUSHION TR8.xlsx	0	old
H:\PURCHASING\02 QUOTES\01 MATERIAL & COMPONENT Suppliers\Okamoto\TP750NH690L TPO Skin black TZ5A\01 Current Quote\TP750NH690L TPO Skin black TZ5A.xlsx	0	old
H:\PURCHASING\02 QUOTES\01 MATERIAL & COMPONENT Suppliers\Okamoto\TP750YR436L TPO Skin Ivory TZ5A\01 Current Quote\TP750YR436L TPO Skin Ivory TZ5A.xlsx	0	old
H:\PURCHASING\02 QUOTES\01 MATERIAL & COMPONENT Suppliers\Okamoto\VH008650960 TPO Skin (1060mm) BF4\01 Current Quote\VH008650960 TPO Skin (1060mm) BF4.xlsx	0	old
H:\PURCHASING\02 QUOTES\01 MATERIAL & COMPONENT Suppliers\PPG\P2KFXP47920 FX P-4792 SILVER PAINT HR3\01 Current Quote\P2KFXP47920 FX P-4792 SILVER PAINT- HR3-Effective 8-17-2020.xlsx	0	old
H:\PURCHASING\02 QUOTES\01 MATERIAL & COMPONENT Suppliers\PPG\P2KFXP48710 FX P-4871 BLACK RUST PAINT HR3\01 Current Quote\P2KFXP48710 FX P-4871 BLACK RUST PAINT- HR3 Effective 8-17-2020.xlsx	0	old
H:\PURCHASING\02 QUOTES\01 MATERIAL & COMPONENT Suppliers\PPG\P2KVZ2SG2VH0 ECONET VZ-2 VHY P-4459 SG #2 G0.6 GC7\01 Current Quote\P2KVZ2SG2VH0 ECONET VZ-2 VH P-4459 SG#2 G0.6 GC7 Effective 8-17-2020.xlsx	0	old
H:\PURCHASING\02 QUOTES\01 MATERIAL & COMPONENT Suppliers\PPG\P30ZP160001 ZP-16 POLYHARD- HR3\01 Current Quote\P30ZP160001 ZP-16 POLYHARD- HR3 Effective 8-17-2020.xlsx	0	old
H:\PURCHASING\02 QUOTES\01 MATERIAL & COMPONENT Suppliers\PPG\P40D2600001 D260 PLANET THINNER HR3\01 Current Quote\P40D2600001 D260 PLANET THINNER HR3 Effective 8-17-2020.xlsx	0	old
H:\PURCHASING\02 QUOTES\01 MATERIAL & COMPONENT Suppliers\PPG\P40V255AD000 ECONET THINNER  VZ55 AD GC7\01 Current Quote\P40V255AD000 ECONET THINNER VZ55 AD GC7 Effective 8-17-2020.xlsx	0	old
H:\PURCHASING\02 QUOTES\01 MATERIAL & COMPONENT Suppliers\PSC\S72012150 CUSHION SHELF A-CO\01 Current Quote\S72012150 CUSHION SHELF A -CARRYOVER.xls	0	old
H:\PURCHASING\02 QUOTES\01 MATERIAL & COMPONENT Suppliers\Red Spot Paint\P20K30M16VH0 P4459 LOW GLOSS BLACK (VH-GL1.5) PM\01 Current Quote\P20K30M16VH0 P4459 LOW GLOSS BLACK (VH-GL1.5) PM.xlsx	0	old
H:\PURCHASING\02 QUOTES\01 MATERIAL & COMPONENT Suppliers\Red Spot Paint\P20K30M17VH0 P4459 LOW GLOSS BLACK (VH GL 0.6)\01 Current Quote\P20K30M17VH0 P4459 LOW GLOSS BLACK (VH GL 0.6).xlsx	0	old
H:\PURCHASING\02 QUOTES\01 MATERIAL & COMPONENT Suppliers\Red Spot Paint\P20WHT236VH0 PAINT WATER BASE BLACK (396WHT236)\01 Current Quote\P20WHT236VH0 PAINT WATER BASE BLACK (396WHT236).xlsx	0	old
H:\PURCHASING\02 QUOTES\01 MATERIAL & COMPONENT Suppliers\Red Spot Paint\P40B00712000 #283 THINNER\01 Current Quote\P40B00712000 #283 THINNER.xlsx	0	old
H:\PURCHASING\02 QUOTES\01 MATERIAL & COMPONENT Suppliers\Shawmut\F3426152030ME GC7 HL SDN OUTERSKIN\01 Current Quote\F3426152030ME GC7 HL SDN OUTERSKIN.xlsx	0	old
H:\PURCHASING\02 QUOTES\01 MATERIAL & COMPONENT Suppliers\Shawmut\F3426152500ME GC7 HL OBK OUTERSKIN\01 Current Quote\F3426152500ME GC7 HL OBK OUTERSKIN.xlsx	0	old
H:\PURCHASING\02 QUOTES\01 MATERIAL & COMPONENT Suppliers\Shawmut\F34265519JC HR3 HL OUTERSKIN SDN GRY\01 Current Quote\F34265519JC HR3 HL OUTERSKIN SDN GRY.xlsx	0	old
H:\PURCHASING\02 QUOTES\01 MATERIAL & COMPONENT Suppliers\Shawmut\F34265519ME HR3 HL OUTERSKIN SDN GRY\01 Current Quote\F34265519ME GC7 HL OBK OUTERSKIN.xlsx	0	old
H:\PURCHASING\02 QUOTES\01 MATERIAL & COMPONENT Suppliers\Shawmut\F34265522JC HR3 HL OUTERSKIN OBK BLK\01 Current Quote\F34265522JC HR3 HL OUTERSKIN OBK BLK.xlsx	0	old
H:\PURCHASING\02 QUOTES\01 MATERIAL & COMPONENT Suppliers\Shawmut\F34265522ME HR3 HL OUTERSKIN OBKK GRY\01 Current Quote\F34265522ME HR3 HL OUTERSKIN OBKK GRY.xlsx	0	old
H:\PURCHASING\02 QUOTES\01 MATERIAL & COMPONENT Suppliers\Shawmut\S73032200ME GC7 TRICOT A PLR RHLH\01 Current Quote\S73032200ME GC7 TRICOT A PLR RHLH.xlsx	0	old
H:\PURCHASING\02 QUOTES\01 MATERIAL & COMPONENT Suppliers\Shawmut\S73032210ME GC7 TRICOT A PLR RHLH\01 Current Quote\S73032210ME GC7 TRICOT A PLR RHLH.xlsx	0	old
H:\PURCHASING\02 QUOTES\01 MATERIAL & COMPONENT Suppliers\Sonoco Protective Solutions\S72014900 PAD DR R RH-HR3\01 Current Quote\S72014900 PAD DR R RH-HR3  EFF. 10-1-2020.xlsx	0	old
H:\PURCHASING\02 QUOTES\01 MATERIAL & COMPONENT Suppliers\Sonoco Protective Solutions\S72014910 PAD DR R LH-HR3\01 Current Quote\S72014910 PAD DR R LH-HR3 Eff. 10-1-2020.xlsx	0	old
H:\PURCHASING\02 QUOTES\01 MATERIAL & COMPONENT Suppliers\Sonoco Protective Solutions\S72015380 PAD DR R RH-GC7\01 Current Quote\S72015380 PAD DR R RH-GC7 Eff. 10-1-2020.xlsx	0	old
H:\PURCHASING\02 QUOTES\01 MATERIAL & COMPONENT Suppliers\Sonoco Protective Solutions\S72015390 PAD DR R LH-GC7\01 Current Quote\S72015390 PAD DR R LH-GC7 Eff. 10-1-2020.xlsx	0	old
H:\PURCHASING\02 QUOTES\01 MATERIAL & COMPONENT Suppliers\Stephen Gould Corp\S17003810 NON WOVEN CLOTH-HR3\01 Current Quote\S17003810 NON WOVEN TAPE- HR3.xlsx	0	old
H:\PURCHASING\02 QUOTES\01 MATERIAL & COMPONENT Suppliers\Stephen Gould Corp\S17003820 NON WOVEN CLOTH-HR3\01 Current Quote\S17003820 NON WOVEN TAPE- HR3.xlsx	0	old
H:\PURCHASING\02 QUOTES\01 MATERIAL & COMPONENT Suppliers\Stephen Gould Corp\S17003830 NON WOVEN CLOTH-HR3\01 Current Quote\S17003830 NON WOVEN TAPE- HR3.xlsx	0	old
H:\PURCHASING\02 QUOTES\01 MATERIAL & COMPONENT Suppliers\Stephen Gould Corp\S17003840 NON WOVEN CLOTH-GC7 CARRYOVER\01 Current Quote\S17003840 NON WOVEN CLOTH-GC7 CARRYOVER.xlsx	0	old
H:\PURCHASING\02 QUOTES\01 MATERIAL & COMPONENT Suppliers\Stephen Gould Corp\S17003850 NON WOVEN CLOTH-GC7 CARRYOVER\01 Current Quote\S17003850 NON WOVEN CLOTH-GC7 CARRYOVER.xlsx	0	old
H:\PURCHASING\02 QUOTES\01 MATERIAL & COMPONENT Suppliers\Stephen Gould Corp\S17003860 NON WOVEN CLOTH-GC7 CARRYOVER\01 Current Quote\S17003860 NON WOVEN CLOTH-GC7 CARRYOVER.xlsx	0	old
H:\PURCHASING\02 QUOTES\01 MATERIAL & COMPONENT Suppliers\Stephen Gould Corp\S17003880 NON WOVEN CLOTH-HR3\01 Current Quote\S17003880 NON WOVEN CLOTH IP- HR3.xlsx	0	old
H:\PURCHASING\02 QUOTES\01 MATERIAL & COMPONENT Suppliers\Stephen Gould Corp\S17003910 NON WOVEN CLOTH-HR3\01 Current Quote\S17003910 NON WOVEN CLOTH- HR3.xlsx	0	old
H:\PURCHASING\02 QUOTES\01 MATERIAL & COMPONENT Suppliers\Stephen Gould Corp\S72014660 NON WOVEN TAPE-GC7 CARRYOVER\01 Current Quote\S72014660 NON WOVEN TAPE- HR3.xlsx	0	old
H:\PURCHASING\02 QUOTES\01 MATERIAL & COMPONENT Suppliers\Stephen Gould Corp\S72014970 NON WOVEN TAPE-HR3\01 Current Quote\S72014970 NON WOVEN TAPE- HR3.xlsx	0	old
H:\PURCHASING\02 QUOTES\01 MATERIAL & COMPONENT Suppliers\Stimpson\S74502440 Metal Eyelet Black\01 Current Quote\S74502440 Metal Eyelet Black.xlsx	0	old
H:\PURCHASING\02 QUOTES\01 MATERIAL & COMPONENT Suppliers\Sumika\RPFCSP01NAG0 CSP-01 Natural\01 Current Quote\RPFCSP01NAG0 CSP-01 Natural.xlsx	0	old
H:\PURCHASING\02 QUOTES\01 MATERIAL & COMPONENT Suppliers\Sunstar\501011321LH ADHESIVE 321LH BLUE\01 Current Quote\501011321LH ADHESIVE 321 LH BLUE_2020-02-19.xlsx	0	old
H:\PURCHASING\02 QUOTES\01 MATERIAL & COMPONENT Suppliers\TE Connectivity\S12301490 TR8 LENZ ASSBLY\01 Current Quote\S12301490 TR8 LENZ ASSBLY.xlsx	0	old
H:\PURCHASING\02 QUOTES\01 MATERIAL & COMPONENT Suppliers\TE Connectivity\S18010430 LENZ P TR8\01 Current Quote\S18010430 LENZ P TR8.xlsx	0	old
H:\PURCHASING\02 QUOTES\01 MATERIAL & COMPONENT Suppliers\TE Connectivity\S18010440 LENZ D TR8\01 Current Quote\S18010440 LENZ D TR8.xlsx	0	old
H:\PURCHASING\02 QUOTES\01 MATERIAL & COMPONENT Suppliers\Tesa Tape\S73801802 TAPE GUARD\01 Current Quote\S73801802 TAPE GUARD Eff. 4-1-21.xlsx	0	old
H:\PURCHASING\02 QUOTES\01 MATERIAL & COMPONENT Suppliers\Tokyo Zairyo Inc\5TPSJ200MVH BC7 POWDER SLUSH\01 Current Quote\5TPSJ200MVH BC7 POWDER SLUSH.xlsx	0	old
H:\PURCHASING\02 QUOTES\01 MATERIAL & COMPONENT Suppliers\Unique-Intasco Canada\901060067108 TR8 TAPE GT7108 t0.8Xw6 (ROLL=2640 M.)\01 Current Quote\901060067108 TAPE Effective 10-1-20.xlsx	0	old
H:\PURCHASING\02 QUOTES\01 MATERIAL & COMPONENT Suppliers\Unique-Intasco Canada\901060067108 TR8 TAPE GT7108 t0.8Xw6 (ROLL=2640 M.)\01 Current Quote\Heartland Special APR 10-1-2020, Per Dave Wheatley.xlsx	0	old
H:\PURCHASING\02 QUOTES\01 MATERIAL & COMPONENT Suppliers\Unique-Intasco Canada\S92302110 GC7  TAPE A\01 Current Quote\Heartland Special APR 10-1-2020, Per Dave Wheatley.xlsx	0	old
H:\PURCHASING\02 QUOTES\01 MATERIAL & COMPONENT Suppliers\Unique-Intasco Canada\S92302110 GC7  TAPE A\01 Current Quote\S92302110 TAPE A Effective 10-1-20.xlsx	0	old
H:\PURCHASING\02 QUOTES\01 MATERIAL & COMPONENT Suppliers\Unique-Intasco Canada\S92302120 GC7 TAPE B\01 Current Quote\Heartland Special APR 10-1-2020, Per Dave Wheatley.xlsx	0	old
H:\PURCHASING\02 QUOTES\01 MATERIAL & COMPONENT Suppliers\Unique-Intasco Canada\S92302120 GC7 TAPE B\01 Current Quote\S92302120 TAPE B Effective 10-1-20.xlsx	0	old
H:\PURCHASING\02 QUOTES\01 MATERIAL & COMPONENT Suppliers\Unique-Intasco Canada\S92302140 GC7 TAPE C RH\01 Current Quote\Heartland Special APR 10-1-2020, Per Dave Wheatley.xlsx	0	old
H:\PURCHASING\02 QUOTES\01 MATERIAL & COMPONENT Suppliers\Unique-Intasco Canada\S92302140 GC7 TAPE C RH\01 Current Quote\S92302140 TAPE C RH GC7.xlsx	0	old
H:\PURCHASING\02 QUOTES\01 MATERIAL & COMPONENT Suppliers\Unique-Intasco Canada\S92302150 GC7 TAPE C LH\01 Current Quote\Heartland Special APR 10-1-2020, Per Dave Wheatley.xlsx	0	old
H:\PURCHASING\02 QUOTES\01 MATERIAL & COMPONENT Suppliers\Unique-Intasco Canada\S92302150 GC7 TAPE C LH\01 Current Quote\S92302150 TAPE C LH GC7.xlsx	0	old
H:\PURCHASING\02 QUOTES\01 MATERIAL & COMPONENT Suppliers\Unique-Intasco Canada\S92302160 GC7 TAPE SD A\01 Current Quote\S92302160 TAPE SD Effective 10-1-20.xlsx	0	old
H:\PURCHASING\02 QUOTES\01 MATERIAL & COMPONENT Suppliers\Unique-Intasco Canada\S92302170 GC7 TAPE SD B\01 Current Quote\S92302170 TAPE SD B Effective 10-1-20.xlsx	0	old
H:\PURCHASING\02 QUOTES\01 MATERIAL & COMPONENT Suppliers\Unique-Intasco Canada\S92302180 GC7 TAPE SD C\01 Current Quote\S92302180 TAPE SD C Effective 10-1-20.xlsx	0	old
H:\PURCHASING\02 QUOTES\01 MATERIAL & COMPONENT Suppliers\Unique-Intasco Canada\S92302340 TR8 TAPE F DR D\01 Current Quote\S92302340 TAPE F DR D Effective 10-1-20.xlsx	0	old
H:\PURCHASING\02 QUOTES\01 MATERIAL & COMPONENT Suppliers\Unique-Intasco Canada\S92302360 TR8 TAPE DR MOL\01 Current Quote\S92302360 TAPE DR MOL TR8 Effective 10-1-20.xlsx	0	old
H:\PURCHASING\02 QUOTES\01 MATERIAL & COMPONENT Suppliers\Unique-Intasco Canada\S92302370 TR8 TAPE MOLDING CAP\01 Current Quote\S92302370 TAPE MOLDING CAP TR8 Effective 10-1-20.xlsx	0	old
H:\PURCHASING\02 QUOTES\01 MATERIAL & COMPONENT Suppliers\Unique Fabricating, Inc.  (Prescotech)\91713AL35A PROTECTOR LWR-CARRYOVER\01 Current Quote\91713AL35A PROTECTOR LWR-CARRYOVER.xlsx	0	old
H:\PURCHASING\02 QUOTES\01 MATERIAL & COMPONENT Suppliers\Unique Fabricating, Inc.  (Prescotech)\91713AL35A PROTECTOR LWR-CARRYOVER\01 Current Quote\Heartland Special APR 10-1-2020.xlsx	0	old
H:\PURCHASING\02 QUOTES\01 MATERIAL & COMPONENT Suppliers\Unique Fabricating, Inc.  (Prescotech)\96085AN01A CUSHION CTR A (S95301080)\01 CURRENT QUOTE\96085AN01A  CUSHION CTR A (S95301080).xlsx	0	old
H:\PURCHASING\02 QUOTES\01 MATERIAL & COMPONENT Suppliers\Unique Fabricating, Inc.  (Prescotech)\96085AN01A CUSHION CTR A (S95301080)\01 CURRENT QUOTE\Heartland Special APR 10-1-2020.xlsx	0	old
H:\PURCHASING\02 QUOTES\01 MATERIAL & COMPONENT Suppliers\Unique Fabricating, Inc.  (Prescotech)\S72011940 NON-WOVEN TAPE-CARRYOVER\01 Current Quote\Heartland Special APR 10-1-2020.xlsx	0	old
H:\PURCHASING\02 QUOTES\01 MATERIAL & COMPONENT Suppliers\Unique Fabricating, Inc.  (Prescotech)\S72011940 NON-WOVEN TAPE-CARRYOVER\01 Current Quote\S72011940 NON-WOVEN TAPE-CARRYOVER.xlsx	0	old
H:\PURCHASING\02 QUOTES\01 MATERIAL & COMPONENT Suppliers\Unique Fabricating, Inc.  (Prescotech)\S72012060 SPACER APRON-CARRYOVER\01 CURRENT QUOTE\Heartland Special APR 10-1-2020.xlsx	0	old
H:\PURCHASING\02 QUOTES\01 MATERIAL & COMPONENT Suppliers\Unique Fabricating, Inc.  (Prescotech)\S72012060 SPACER APRON-CARRYOVER\01 CURRENT QUOTE\S72012060 SPACER APRON-CARRYOVER Eff. 10-1-20.xlsx	0	old
H:\PURCHASING\02 QUOTES\01 MATERIAL & COMPONENT Suppliers\Unique Fabricating, Inc.  (Prescotech)\S72012170 CUSHION SHELF C-CARRYOVER\01 CURRENT QUOTE\Heartland Special APR 10-1-2020.xlsx	0	old
H:\PURCHASING\02 QUOTES\01 MATERIAL & COMPONENT Suppliers\Unique Fabricating, Inc.  (Prescotech)\S72012170 CUSHION SHELF C-CARRYOVER\01 CURRENT QUOTE\S72012170 CUSHION SHELF C-CARRYOVER Eff. 10-1-20.xlsx	0	old
H:\PURCHASING\02 QUOTES\01 MATERIAL & COMPONENT Suppliers\Unique Fabricating, Inc.  (Prescotech)\S72012880 TAPE A PLR UPR-CARRYOVER\01 CURRENT QUOTE\Heartland Special APR 10-1-2020.xlsx	0	old
H:\PURCHASING\02 QUOTES\01 MATERIAL & COMPONENT Suppliers\Unique Fabricating, Inc.  (Prescotech)\S72012880 TAPE A PLR UPR-CARRYOVER\01 CURRENT QUOTE\S72012880 TAPE A PLR UPR-CARRYOVER Effective 10-1-2020.xlsx	0	old
H:\PURCHASING\02 QUOTES\01 MATERIAL & COMPONENT Suppliers\Unique Fabricating, Inc.  (Prescotech)\S72013100 CUSHION H-K-CARRYOVER\01 CURRENT QUOTE\Heartland Special APR 10-1-2020.xlsx	0	old
H:\PURCHASING\02 QUOTES\01 MATERIAL & COMPONENT Suppliers\Unique Fabricating, Inc.  (Prescotech)\S72013100 CUSHION H-K-CARRYOVER\01 CURRENT QUOTE\S72013100 CUSHION H-K-CARRYOVER Eff. 10-1-2020.xlsx	0	old
H:\PURCHASING\02 QUOTES\01 MATERIAL & COMPONENT Suppliers\Unique Fabricating, Inc.  (Prescotech)\S72014150 NON WOVEN TAPE HR3\01 Current Quote\S72014150 NON WOVEN TAPE HR3.xlsx	0	old
H:\PURCHASING\02 QUOTES\01 MATERIAL & COMPONENT Suppliers\Unique Fabricating, Inc.  (Prescotech)\S72014200 NON-WOVEN TAPE A-CARRYOVER\01 CURRENT QUOTE\Heartland Special APR 10-1-2020.xlsx	0	old
H:\PURCHASING\02 QUOTES\01 MATERIAL & COMPONENT Suppliers\Unique Fabricating, Inc.  (Prescotech)\S72014200 NON-WOVEN TAPE A-CARRYOVER\01 CURRENT QUOTE\S72014200 NON-WOVEN TAPE A-CARRYOVER Effective 10-1-2020.xlsx	0	old
H:\PURCHASING\02 QUOTES\01 MATERIAL & COMPONENT Suppliers\Unique Fabricating, Inc.  (Prescotech)\S72014210 NON-WOVEN CLOTH-CARRYOVER\01 CURRENT QUOTE\S72014210 NON-WOVEN CLOTH-CARRYOVER.xlsx	0	old
H:\PURCHASING\02 QUOTES\01 MATERIAL & COMPONENT Suppliers\Unique Fabricating, Inc.  (Prescotech)\S72014380 NON WOVEN TAPE HR3\01 Current Quote\S72014380 NON WOVEN TAPE HR3.xlsx	0	old
H:\PURCHASING\02 QUOTES\01 MATERIAL & COMPONENT Suppliers\Unique Fabricating, Inc.  (Prescotech)\S72015290 NON WOVEN TAPE HR3\01 Current Quote\S72015290 NON WOVEN TAPE HR3.xlsx	0	old
H:\PURCHASING\02 QUOTES\01 MATERIAL & COMPONENT Suppliers\Unique Fabricating, Inc.  (Prescotech)\S72015350 CUSHION A\01 CURRENT QUOTE\Heartland Special APR 10-1-2020.xlsx	0	old
H:\PURCHASING\02 QUOTES\01 MATERIAL & COMPONENT Suppliers\Unique Fabricating, Inc.  (Prescotech)\S72015350 CUSHION A\01 CURRENT QUOTE\S72015350 CUSHION A-GC7 Effective 10-1-20.xlsx	0	old
H:\PURCHASING\02 QUOTES\01 MATERIAL & COMPONENT Suppliers\Unique Fabricating, Inc.  (Prescotech)\S72015460 CUSHION DR FLG A\01 CURRENT QUOTE\Heartland Special APR 10-1-2020.xlsx	0	old
H:\PURCHASING\02 QUOTES\01 MATERIAL & COMPONENT Suppliers\Unique Fabricating, Inc.  (Prescotech)\S72015460 CUSHION DR FLG A\01 CURRENT QUOTE\S72015460 CUSHION DR FLG A Effective 10-1-20.xlsx	0	old
H:\PURCHASING\02 QUOTES\01 MATERIAL & COMPONENT Suppliers\Unique Fabricating, Inc.  (Prescotech)\S72015570 NON-WOVEN TAPE B\01 CURRENT QUOTE\Heartland Special APR 10-1-2020.xlsx	0	old
H:\PURCHASING\02 QUOTES\01 MATERIAL & COMPONENT Suppliers\Unique Fabricating, Inc.  (Prescotech)\S72015570 NON-WOVEN TAPE B\01 CURRENT QUOTE\S72015570 NON WOVEN TAPE B Eff. 10-1-20.xlsx	0	old
H:\PURCHASING\02 QUOTES\01 MATERIAL & COMPONENT Suppliers\Unique Fabricating, Inc.  (Prescotech)\S72015600 NON-WOVEN TAPE A\01 CURRENT QUOTE\Heartland Special APR 10-1-2020.xlsx	0	old
H:\PURCHASING\02 QUOTES\01 MATERIAL & COMPONENT Suppliers\Unique Fabricating, Inc.  (Prescotech)\S72015600 NON-WOVEN TAPE A\01 CURRENT QUOTE\S72015600 NON WOVEN TAPE A Eff. 10-1-2020.xlsx	0	old
H:\PURCHASING\02 QUOTES\01 MATERIAL & COMPONENT Suppliers\Unique Fabricating, Inc.  (Prescotech)\S72015610 NON-WOVEN TAPE PAD\01 CURRENT QUOTE\Heartland Special APR 10-1-2020.xlsx	0	old
H:\PURCHASING\02 QUOTES\01 MATERIAL & COMPONENT Suppliers\Unique Fabricating, Inc.  (Prescotech)\S72015610 NON-WOVEN TAPE PAD\01 CURRENT QUOTE\S72015610 NON WOVEN TAPE PAD Effective 10-1-2020.xlsx	0	old
H:\PURCHASING\02 QUOTES\01 MATERIAL & COMPONENT Suppliers\Unique Fabricating, Inc.  (Prescotech)\S72015620 CUSHION\01 CURRENT QUOTE\Heartland Special APR 10-1-2020.xlsx	0	old
H:\PURCHASING\02 QUOTES\01 MATERIAL & COMPONENT Suppliers\Unique Fabricating, Inc.  (Prescotech)\S72015620 CUSHION\01 CURRENT QUOTE\S72015620 CUSHION Effective 10-1-2020.xlsx	0	old
H:\PURCHASING\02 QUOTES\01 MATERIAL & COMPONENT Suppliers\Unique Fabricating, Inc.  (Prescotech)\S72015630 NON-WOVEN TAPE\01 CURRENT QUOTE\Heartland Special APR 10-1-2020.xlsx	0	old
H:\PURCHASING\02 QUOTES\01 MATERIAL & COMPONENT Suppliers\Unique Fabricating, Inc.  (Prescotech)\S72015630 NON-WOVEN TAPE\01 CURRENT QUOTE\S72015630 NON WOVEN TAPE Eff. 10-1-2020.xlsx	0	old
H:\PURCHASING\02 QUOTES\01 MATERIAL & COMPONENT Suppliers\Unique Fabricating, Inc.  (Prescotech)\S72015750 CUSHION SHELF SD\01 CURRENT QUOTE\Heartland Special APR 10-1-2020.xlsx	0	old
H:\PURCHASING\02 QUOTES\01 MATERIAL & COMPONENT Suppliers\Unique Fabricating, Inc.  (Prescotech)\S72015750 CUSHION SHELF SD\01 CURRENT QUOTE\S72015750 CUSHION SHELF SD Effective 10-1-2020.xlsx	0	old
H:\PURCHASING\02 QUOTES\01 MATERIAL & COMPONENT Suppliers\Unique Fabricating, Inc.  (Prescotech)\S72016160 NON-WOVEN TAPE\01 CURRENT QUOTE\Heartland Special APR 10-1-2020.xlsx	0	old
H:\PURCHASING\02 QUOTES\01 MATERIAL & COMPONENT Suppliers\Unique Fabricating, Inc.  (Prescotech)\S72016160 NON-WOVEN TAPE\01 CURRENT QUOTE\S72016160 NON-WOVEN TAPE Eff. 10-1-2020.xlsx	0	old
H:\PURCHASING\02 QUOTES\01 MATERIAL & COMPONENT Suppliers\Unique Fabricating, Inc.  (Prescotech)\S83100420 CUSHION FR D-PLR-CARRYOVER\01 CURRENT QUOTE\Heartland Special APR 10-1-2020.xlsx	0	old
H:\PURCHASING\02 QUOTES\01 MATERIAL & COMPONENT Suppliers\Unique Fabricating, Inc.  (Prescotech)\S83100420 CUSHION FR D-PLR-CARRYOVER\01 CURRENT QUOTE\S83100420 CUSHION FR D-PLR-CARRYOVER Eff. 10-1-2020.xlsx	0	old
H:\PURCHASING\02 QUOTES\01 MATERIAL & COMPONENT Suppliers\Unique Fabricating, Inc.  (Prescotech)\S83100480 CUSHION FR CTR BELT-CARRYOVER\01 CURRENT QUOTE\Heartland Special APR 10-1-2020.xlsx	0	old
H:\PURCHASING\02 QUOTES\01 MATERIAL & COMPONENT Suppliers\Unique Fabricating, Inc.  (Prescotech)\S83100480 CUSHION FR CTR BELT-CARRYOVER\01 CURRENT QUOTE\S83100480 CUSHION FR CTR BELT-CARRYOVER Eff. 10-1-2020.xlsx	0	old
H:\PURCHASING\02 QUOTES\01 MATERIAL & COMPONENT Suppliers\Unique Fabricating, Inc.  (Prescotech)\S83100540 SPACER RF PATCH SDN\01 CURRENT QUOTE\Heartland Special APR 10-1-2020.xlsx	0	old
H:\PURCHASING\02 QUOTES\01 MATERIAL & COMPONENT Suppliers\Unique Fabricating, Inc.  (Prescotech)\S83100540 SPACER RF PATCH SDN\01 CURRENT QUOTE\S83100540 SPACER FR PATCH SDN Eff. 10-1-2020.xlsx	0	old
H:\PURCHASING\02 QUOTES\01 MATERIAL & COMPONENT Suppliers\Unique Fabricating, Inc.  (Prescotech)\S83100550 SPACER RF PATCH OBK\01 CURRENT QUOTE\Heartland Special APR 10-1-2020.xlsx	0	old
H:\PURCHASING\02 QUOTES\01 MATERIAL & COMPONENT Suppliers\Unique Fabricating, Inc.  (Prescotech)\S83100550 SPACER RF PATCH OBK\01 CURRENT QUOTE\S83100550 SPACER RF PATCH OBK Eff. 10-1-2020.xlsx	0	old
H:\PURCHASING\02 QUOTES\01 MATERIAL & COMPONENT Suppliers\Unique Fabricating, Inc.  (Prescotech)\S83100560 CUSHION RF SDN\01 CURRENT QUOTE\Heartland Special APR 10-1-2020.xlsx	0	old
H:\PURCHASING\02 QUOTES\01 MATERIAL & COMPONENT Suppliers\Unique Fabricating, Inc.  (Prescotech)\S83100560 CUSHION RF SDN\01 CURRENT QUOTE\S83100560 CUSHION RF SDN Eff. 10-1-2020.xlsx	0	old
H:\PURCHASING\02 QUOTES\01 MATERIAL & COMPONENT Suppliers\Unique Fabricating, Inc.  (Prescotech)\S83100570 CUSHION RF END\01 Current Quote\Heartland Special APR 10-1-2020.xlsx	0	old
H:\PURCHASING\02 QUOTES\01 MATERIAL & COMPONENT Suppliers\Unique Fabricating, Inc.  (Prescotech)\S83100570 CUSHION RF END\01 Current Quote\S83100570  CUSHION RF END Eff. 10-1-2020.xlsx	0	old
H:\PURCHASING\02 QUOTES\01 MATERIAL & COMPONENT Suppliers\Unique Fabricating, Inc.  (Prescotech)\S83100690 CUSHION RF STD 40x40x22 GZ1\01 Current Quote\CUSHION RF STD 40x40x22 GZ1.xlsx	0	old
H:\PURCHASING\02 QUOTES\01 MATERIAL & COMPONENT Suppliers\Unique Fabricating, Inc.  (Prescotech)\S83100690 CUSHION RF STD 40x40x22 GZ1\01 Current Quote\S83100690 CUSHION RF STD 40x40x22 GZ1.xlsx	0	old
H:\PURCHASING\02 QUOTES\01 MATERIAL & COMPONENT Suppliers\Unique Fabricating, Inc.  (Prescotech)\S92302300 TR8 PULL TAB 6X80\01 Current Quote\Heartland Special APR 10-1-2020.xlsx	0	old
H:\PURCHASING\02 QUOTES\01 MATERIAL & COMPONENT Suppliers\Unique Fabricating, Inc.  (Prescotech)\S92302300 TR8 PULL TAB 6X80\01 Current Quote\S92302300 PULL TAB-LENGTH CHANGE Eff. 10-1-2020.xlsx	0	old
H:\PURCHASING\02 QUOTES\01 MATERIAL & COMPONENT Suppliers\US Paint\A60OQ1336G1 DARK GRAY PRIMER Q1336\01 Current Quote\A60OQ1336G1 DARK GRAY PRIMER Q1336 (HL).xlsx	0	old
H:\PURCHASING\02 QUOTES\01 MATERIAL & COMPONENT Suppliers\US Paint\A60OQ1336G1 DARK GRAY PRIMER Q1336\01 Current Quote\A60OQ1336G1 DARK GRAY PRIMER Q1336.xlsx	0	old
H:\PURCHASING\02 QUOTES\01 MATERIAL & COMPONENT Suppliers\US Paint\A60OQ8202W1 WHITE ADHESIVE PROMOTER\01 Current Quote\A60OQ8202W1 WHITE ADHESIVE PROMOTER (HL).xlsx	0	old
H:\PURCHASING\02 QUOTES\01 MATERIAL & COMPONENT Suppliers\US Paint\A60OQ8202W1 WHITE ADHESIVE PROMOTER\01 Current Quote\A60OQ8202W1 WHITE ADHESIVE PROMOTER.xlsx	0	old
H:\PURCHASING\02 QUOTES\01 MATERIAL & COMPONENT Suppliers\US Paint\J3501 CONVERTER (CATALYST) 21Z\01 Current Quote\J3501 CONVERTER (CATALYST) 21Z.xlsx	0	old
H:\PURCHASING\02 QUOTES\01 MATERIAL & COMPONENT Suppliers\US Paint\J3501 CONVERTER (CATALYST) 21Z\01 Current Quote\J3501 CONVERTER (CATALYST).xlsx	0	old
H:\PURCHASING\02 QUOTES\01 MATERIAL & COMPONENT Suppliers\US Paint\P1027561VH0 PAINT SOLVENT BASE BLACK USECP-27561 (P4641)\01 Current Quote\P1027561VH0 PAINT SOLVENT BASE BLACK USECP-27561 (P4541).xlsx	0	old
H:\PURCHASING\02 QUOTES\01 MATERIAL & COMPONENT Suppliers\US Paint\P2K79U53AS0 BLAZE GUN METAL L1254 INTERIOR GA9-W\01 Current Quote\GUN BLAZE METALLIC L1254.xlsx	0	old
H:\PURCHASING\02 QUOTES\01 MATERIAL & COMPONENT Suppliers\US Paint\P2K79U53AS0 BLAZE GUN METAL L1254 INTERIOR GA9-W\01 Current Quote\P2K79U53AS0 GUN BLAZE METALLIC L1254.xlsx	0	old
H:\PURCHASING\02 QUOTES\01 MATERIAL & COMPONENT Suppliers\US Paint\P2KAA9205K1 ANODIZED YELLOW LOWER HAP'S   AA9205 L1255 K1 GA9\01 Current Quote\P2KAA9205K1 ANODIZED YELLOW LOWER HAP_2020-06-04.xlsx	0	old
H:\PURCHASING\02 QUOTES\01 MATERIAL & COMPONENT Suppliers\US Paint\P2KAF1075SI0 INTERIOR SILVER USGPX-10275 (P4640)\01 Current Quote\P2KAF1075SI0 INTERIOR SILVER USGPX-10275 (P4640)-EFF. 1-2-21.xlsx	0	old
H:\PURCHASING\02 QUOTES\01 MATERIAL & COMPONENT Suppliers\US Paint\P2KAJL1270S1 ICE SILVER L-VOC BF4\01 Current Quote\P2KAJL1270S1 ICE SILVER L-EFF. 1-2-21.xlsx	0	old
H:\PURCHASING\02 QUOTES\01 MATERIAL & COMPONENT Suppliers\US Paint\P2KAJL1372M41 MAGINETITEGRAY METALLIC AJL1372 BC7\01 Current Quote\P2KAJL1372M41 MAGINETITE GRAY METALLICAJL1372 BC7.xlsx	0	old
H:\PURCHASING\02 QUOTES\01 MATERIAL & COMPONENT Suppliers\US Paint\P2KAJL1372M41 MAGINETITEGRAY METALLIC AJL1372 BC7\01 Current Quote\P2KAJL1372M41 MAGINETITEGRAY METALLIC AJL1372 BC7.xlsx	0	old
H:\PURCHASING\02 QUOTES\01 MATERIAL & COMPONENT Suppliers\US Paint\P2KAJL1390SL1 SILVER AJL1390 (L-1157) GC7\01 Current Quote\P2KAJL1390SL1 SILVER AJL1390 (L-1157) GC7 EFF. 1-2-21.xlsx	0	old
H:\PURCHASING\02 QUOTES\01 MATERIAL & COMPONENT Suppliers\US Paint\P2KAJL2117B1 CRYSTAL BLACK SILICA L-VOC BF4\01 Current Quote\P2KAJL2117B1 CRYSTAL BLACK SILICA L-VOC BF4 EFF. 1-2-21.xlsx	0	old
H:\PURCHASING\02 QUOTES\01 MATERIAL & COMPONENT Suppliers\US Paint\P2KAJL312301 CLEAR L-VOC BF4\01 Current Quote\P2KAJL312301 CLEAR L-VOC BF4.xlsx	0	old
H:\PURCHASING\02 QUOTES\01 MATERIAL & COMPONENT Suppliers\US Paint\P2KAJL312301 CLEAR L-VOC BF4\01 Current Quote\P2KAJL312301 CLEAR L-VOC.xlsx	0	old
H:\PURCHASING\02 QUOTES\01 MATERIAL & COMPONENT Suppliers\US Paint\P2KAJL4156M61 AUTUMN GREEN METALLIC AJL4156 GC7\01 Current Quote\P2KAJL4156M61 AUTUMN GREEN METALLIC AJL4156 GC7.xlsx	0	old
H:\PURCHASING\02 QUOTES\01 MATERIAL & COMPONENT Suppliers\US Paint\P2KAJL4156M61 AUTUMN GREEN METALLIC AJL4156 GC7\01 Current Quote\P2KAJL4156M61 AUTUMN GREEN METALLIC AJL4156.xlsx	0	old
H:\PURCHASING\02 QUOTES\01 MATERIAL & COMPONENT Suppliers\US Paint\P2KAJL5276G61 G6 ABYSS BLUE PEARL AJL5276 BB8\01 Current Quote\P2KAJL5276G61 ABYSS BLUE PEARL AJL5276 BB8.xlsx	0	old
H:\PURCHASING\02 QUOTES\01 MATERIAL & COMPONENT Suppliers\US Paint\P2KAJL5276G61 G6 ABYSS BLUE PEARL AJL5276 BB8\01 Current Quote\P2KAJL5276G61 G6 ABYSS BLUE PEARL AJL5276 BB8.xlsx	0	old
H:\PURCHASING\02 QUOTES\01 MATERIAL & COMPONENT Suppliers\US Paint\P2KAJL5314H61 H6 GEYSER BLUE AJL5314 GB8\01 Current Quote\Heartland Automotive Pricing Notification-P2KAJL5314H61.xlsx	0	old
H:\PURCHASING\02 QUOTES\01 MATERIAL & COMPONENT Suppliers\US Paint\P2KAJL5314H61 H6 GEYSER BLUE AJL5314 GB8\01 Current Quote\P2KAJL5314H61 H6 GEYSER BLUE AJL5314 GB8.xlsx	0	old
H:\PURCHASING\02 QUOTES\01 MATERIAL & COMPONENT Suppliers\US Paint\P2KAJL6194Q61 Q6 CINNAMON BROWN PEARL AJL6194 BB8\01 Current Quote\P2KAJL6194Q61 CINNAMON BROWN PEARL AJL6194 BB8.xlsx	0	old
H:\PURCHASING\02 QUOTES\01 MATERIAL & COMPONENT Suppliers\US Paint\P2KAJL6194Q61 Q6 CINNAMON BROWN PEARL AJL6194 BB8\01 Current Quote\P2KAJL6194Q61 Q6 CINNAMON BROWN PEARL AJL6194 BB8.xlsx	0	old
H:\PURCHASING\02 QUOTES\01 MATERIAL & COMPONENT Suppliers\US Paint\P2KAJL6219Q81 BRILLIANT BRONZE METALLIC AJL6219 GB8\01 Current Quote\P2KAJL6219Q81 BRILLIANT BRONZE METALLIC_2019-11-12.xlsx	0	old
H:\PURCHASING\02 QUOTES\01 MATERIAL & COMPONENT Suppliers\US Paint\P2KAJL7218T11 CRIMSON RED PEARL AJL7218 BC7\01 Current Quote\P2KAJL7218T11 CRIMSON RED PEARL AJL7218 BC7 EFF. 1-2-21.xlsx	0	old
H:\PURCHASING\02 QUOTES\01 MATERIAL & COMPONENT Suppliers\US Paint\P2KAJL8174W1 CRYSTAL WHITE BASE U-C L-VOC BF4\01 Current Quote\P2KAJL8174W1 CRYSTAL WHITE BASE U-C L-VOC BF4.xlsx	0	old
H:\PURCHASING\02 QUOTES\01 MATERIAL & COMPONENT Suppliers\US Paint\P2KAJL8174W1 CRYSTAL WHITE BASE U-C L-VOC BF4\01 Current Quote\P2KAJL8174W1 CRYSTAL WHITE BASE U-CL-VOC BF4.xlsx	0	old
H:\PURCHASING\02 QUOTES\01 MATERIAL & COMPONENT Suppliers\US Paint\P2KAJL8175W1 CRYSTAL WHITE PEARL PC L-VOC BF4\01 Current Quote\P2KAJL8175W1 CRYSTAL WHITE PEARL PC L-VOC BF4.xlsx	0	old
H:\PURCHASING\02 QUOTES\01 MATERIAL & COMPONENT Suppliers\US Paint\P2KAJL8175W1 CRYSTAL WHITE PEARL PC L-VOC BF4\01 Current Quote\P2KAJL8175W1 CRYSTAL WHITE PEARL PC L-VOC.xlsx	0	old
H:\PURCHASING\02 QUOTES\01 MATERIAL & COMPONENT Suppliers\US Paint\P40RU0064000 RU0064 THINNER AF1220 (SLOW RED)\01 Current Quote\P40RU0064000  RU0064 THINNER AF1220 (SLOW RED).xlsx	0	old
H:\PURCHASING\02 QUOTES\01 MATERIAL & COMPONENT Suppliers\US Paint\P40RU0064000 RU0064 THINNER AF1220 (SLOW RED)\01 Current Quote\P40RU0064000 RU0064 THINNER AF1220 (SLOW RED).xlsx	0	old
H:\PURCHASING\02 QUOTES\01 MATERIAL & COMPONENT Suppliers\US Paint\P40RU0075001 RU0075 THINNER\01 Current Quote\P40RU0075001  RU0075 THINNER.xlsx	0	old
H:\PURCHASING\02 QUOTES\01 MATERIAL & COMPONENT Suppliers\US Paint\P40RU0075001 RU0075 THINNER\01 Current Quote\P40RU0075001 RU0075 THINNER.xlsx	0	old
H:\PURCHASING\02 QUOTES\01 MATERIAL & COMPONENT Suppliers\US Paint\P40T0178001 THINNER T0178 440A\01 Current Quote\P40T0178001 THINNER T0178 440A.xlsx	0	old
H:\PURCHASING\02 QUOTES\01 MATERIAL & COMPONENT Suppliers\US Paint\P40T0178001 THINNER T0178 440A\01 Current Quote\P40T0178001 THINNER T0178.xlsx	0	old
H:\PURCHASING\02 QUOTES\01 MATERIAL & COMPONENT Suppliers\US Paint\P40Z-K70500 Z-K705 THINNER\01 Current Quote\P40Z-K70500  Z-K705 THINNER.xlsx	0	old
H:\PURCHASING\02 QUOTES\01 MATERIAL & COMPONENT Suppliers\US Paint\P40Z-K70500 Z-K705 THINNER\01 Current Quote\P40Z-K70500 Z-K705 THINNER.xlsx	0	old
H:\PURCHASING\02 QUOTES\02 MOLDED PART Suppliers\Amtec\83472AL00AVH PNL SW Black\01 Current Quote\83472AL00AVH Pnl Sw-Black BF4.xlsx	0	old
H:\PURCHASING\02 QUOTES\02 MOLDED PART Suppliers\Amtec\83472AL04AVH-05AVH PNL SW Black\01 Current Quote\83472AL04AVH PNL Switch Black BF4.xls	0	old
H:\PURCHASING\02 QUOTES\02 MOLDED PART Suppliers\Chiyoda\66100AN00A Duct Center Vent\01 Current Quote\66100AN00A Duct Center Vent.xlsx	0	old
H:\PURCHASING\02 QUOTES\02 MOLDED PART Suppliers\Chiyoda\66100AN01A Duct SD Vent RH\01 Current Quote\66100AN01A Duct SD Vent RH.xlsx	0	old
H:\PURCHASING\02 QUOTES\02 MOLDED PART Suppliers\Chiyoda\66100AN02A Duct SD Vent LH\01 Current Quote\66100AN02A Duct SD Vent LH.xlsx	0	old
H:\PURCHASING\02 QUOTES\02 MOLDED PART Suppliers\Chiyoda\66100AN03A Duct SD DEF RH\01 Current Quote\66100AN03A Duct SD DEF RH.xlsx	0	old
H:\PURCHASING\02 QUOTES\02 MOLDED PART Suppliers\Chiyoda\66100AN04A Duct SD DEF LH\01 Current Quote\66100AN04A Duct SD DEF LH.xlsx	0	old
H:\PURCHASING\02 QUOTES\02 MOLDED PART Suppliers\Chiyoda\66100FL00A Duct CTR Vent HR3\01 Current Quote\66100FL00A Duct CTR Vent HR3.xlsx	0	old
H:\PURCHASING\02 QUOTES\02 MOLDED PART Suppliers\Chiyoda\66100FL01A Duct SD Vent RH HR3\01 Current Quote\66100FL01A Duct SD Vent RH HR3.xlsx	0	old
H:\PURCHASING\02 QUOTES\02 MOLDED PART Suppliers\Chiyoda\66100FL02A Duct SD Vent LH HR3\01 Current Quote\66100FL02A Duct SD Vent LH HR3.xlsx	0	old
H:\PURCHASING\02 QUOTES\02 MOLDED PART Suppliers\Chiyoda\66100FL03A Duct SD DEF RH HR3\01 Current Quote\66100FL03A Duct SD DEF RH HR3.xlsx	0	old
H:\PURCHASING\02 QUOTES\02 MOLDED PART Suppliers\Chiyoda\66100FL04A Duct SD DEF LH HR3\01 Current Quote\66100FL04A Duct SD DEF LH HR3.xlsx	0	old
H:\PURCHASING\02 QUOTES\02 MOLDED PART Suppliers\Chiyoda\66100XC00A Duct CTR Vent TR8\01 Current Quote\66100XC00A Duct CTR Vent TR8.xlsx	0	old
H:\PURCHASING\02 QUOTES\02 MOLDED PART Suppliers\Chiyoda\66100XC01A-02A Duct SD Vent TR8\01 Current Quote\66100XC01A-02A Duct SD Vent TR8.xlsx	0	old
H:\PURCHASING\02 QUOTES\02 MOLDED PART Suppliers\Chiyoda\66100XC03A-04A Duct SD DEF TR8\01 Current Quote\66100XC03A-04A Duct SD DEF TR8.xlsx	0	old
H:\PURCHASING\02 QUOTES\02 MOLDED PART Suppliers\Chiyoda\92143AN00A Duct CSL F LH\01 Current Quote\92143AN00A Duct CSL F LH.xlsx	0	old
H:\PURCHASING\02 QUOTES\02 MOLDED PART Suppliers\Chiyoda\92143AN01A Duct CSL CTR LH\01 Current Quote\92143AN01A Duct CSL CTR LH.xlsx	0	old
H:\PURCHASING\02 QUOTES\02 MOLDED PART Suppliers\Chiyoda\92143AN02A Duct CSL R LH\01 Current Quote\92143AN02A Duct CSL R LH.xlsx	0	old
H:\PURCHASING\02 QUOTES\02 MOLDED PART Suppliers\Creative Liquid Coatings\66073AN00A-01A CVR ASSY IP SD U GC7\01 Current Quote\66073AN00A-01A CVR ASSY IP SD U GC7.xlsx	0	old
H:\PURCHASING\02 QUOTES\02 MOLDED PART Suppliers\Creative Liquid Coatings\66208AN01A PNL Start SW\01 Current Quote\66208AN01A PNL Start SW 12.10.2019.xlsx	0	old
H:\PURCHASING\02 QUOTES\02 MOLDED PART Suppliers\Creative Liquid Coatings\66208AN01A PNL Start SW\01 Current Quote\PNL Start SW 12.10.2019.xlsx	0	old
H:\PURCHASING\02 QUOTES\02 MOLDED PART Suppliers\Creative Liquid Coatings\66241AN02A Cover Start SW\01 Current Quote\66241AN02A Cover Start SW 12.10.2019.xlsx	0	old
H:\PURCHASING\02 QUOTES\02 MOLDED PART Suppliers\Creative Liquid Coatings\66241AN02A Cover Start SW\01 Current Quote\Cover Start SW 12.10.2019.xlsx	0	old
H:\PURCHASING\02 QUOTES\02 MOLDED PART Suppliers\Creative Liquid Coatings\91111XC06B-07B Garnish F DR TR8\01 Current Quote\91111XC06B-07B Garnish F DR TR8.xlsx	0	old
H:\PURCHASING\02 QUOTES\02 MOLDED PART Suppliers\Creative Liquid Coatings\91112XC02B-03B Garnish Assy FD LWR TR8\01 Current Quote\91112XC02B-03B Garnish AY F DR LWR RH LH.xlsx	0	old
H:\PURCHASING\02 QUOTES\02 MOLDED PART Suppliers\Creative Liquid Coatings\94330AN00AVH-01AVH Trim PNL Assy RG SD\01 Current Quote\94330AN00AVH-01AVH Trim PNL Assy R G.xlsx	0	old
H:\PURCHASING\02 QUOTES\02 MOLDED PART Suppliers\Creative Liquid Coatings\S16600830 Nozzle F DEF Sub Assy TR8\01 Current Quote\S16600830 Nozzle F DEF SUB Assy TR8.xlsx	0	old
H:\PURCHASING\02 QUOTES\02 MOLDED PART Suppliers\Creative Liquid Coatings\S73512740-50 Pocket DR F RH LH\01 Current Quote\Pocket DR F RH LH 12.10.2019.xlsx	0	old
H:\PURCHASING\02 QUOTES\02 MOLDED PART Suppliers\Creative Liquid Coatings\S73512740-50 Pocket DR F RH LH\01 Current Quote\S73512740-50 Pocket DR F RH LH 12.10.2019.xlsx	0	old
H:\PURCHASING\02 QUOTES\02 MOLDED PART Suppliers\Creative Liquid Coatings\S73513300-3310 CVR MID F RH LH\01 Current Quote\Cover DR Mid F RH LH 12.10.2019.xlsx	0	old
H:\PURCHASING\02 QUOTES\02 MOLDED PART Suppliers\Creative Liquid Coatings\S73513300-3310 CVR MID F RH LH\01 Current Quote\S73513300-3310 Cover DR Mid F RH LH 12.10.2019.xlsx	0	old
H:\PURCHASING\02 QUOTES\02 MOLDED PART Suppliers\Creative Liquid Coatings\S73513320-3330 CVR DR MID R\01 Current Quote\S73513320-3330 CVR MID R RH LH.xlsx	0	old
H:\PURCHASING\02 QUOTES\02 MOLDED PART Suppliers\Creative Liquid Coatings\S92200690-700 Garnish F DR IN TR8\01 Current Quote\S92200690-700 Garnish F DR IN TR8.xlsx	0	old
H:\PURCHASING\02 QUOTES\02 MOLDED PART Suppliers\Creative Liquid Coatings\S92200760-770 Garnish F DR Cap TR8\01 Current Quote\S92200760-770 Garnish F DR Cap TR8.xlsx	0	old
H:\PURCHASING\02 QUOTES\02 MOLDED PART Suppliers\Decatur\66078AN00A ORNAMENT PNL P B -GC7\01 Current Quote\66078AN00A ORNAMENT PNL P B  -GC7.xlsx	0	old
H:\PURCHASING\02 QUOTES\02 MOLDED PART Suppliers\Decatur\66078AN00A ORNAMENT PNL P B -GC7\01 Current Quote\ORNAMENT PNL P B  -GC7.xlsx	0	old
H:\PURCHASING\02 QUOTES\02 MOLDED PART Suppliers\Decatur\66204AN00A FRAME SD VENT AY RH -GC7\01 Current Quote\66204AN00A FRAME SD VENT AY RH -GC7.xlsx	0	old
H:\PURCHASING\02 QUOTES\02 MOLDED PART Suppliers\Decatur\66204AN00A FRAME SD VENT AY RH -GC7\01 Current Quote\FRAME SD VENT AY RH -GC7.xlsx	0	old
H:\PURCHASING\02 QUOTES\02 MOLDED PART Suppliers\Decatur\66204AN01A FRAME SD VENT AY LH -GC7\01 Current Quote\66204AN01A FRAME SD VENT AY LH -GC7.xlsx	0	old
H:\PURCHASING\02 QUOTES\02 MOLDED PART Suppliers\Decatur\66204AN01A FRAME SD VENT AY LH -GC7\01 Current Quote\FRAME SD VENT AY LH -GC7.xlsx	0	old
H:\PURCHASING\02 QUOTES\02 MOLDED PART Suppliers\Decatur\94236AN00A CVR RMT F RH -GC7\01 Current Quote\94236AN00A CVR RMT F RH  -GC7.xlsx	0	old
H:\PURCHASING\02 QUOTES\02 MOLDED PART Suppliers\Decatur\94236AN00A CVR RMT F RH -GC7\01 Current Quote\CVR RMT F RH  -GC7.xlsx	0	old
H:\PURCHASING\02 QUOTES\02 MOLDED PART Suppliers\Decatur\94236AN01A CVR RMT F LH -GC7\01 Current Quote\94236AN01A CVR RMT F LH  -GC7.xlsx	0	old
H:\PURCHASING\02 QUOTES\02 MOLDED PART Suppliers\Decatur\94236AN01A CVR RMT F LH -GC7\01 Current Quote\CVR RMT F LH  -GC7.xlsx	0	old
H:\PURCHASING\02 QUOTES\02 MOLDED PART Suppliers\Decatur\94246AN00A CVR RMT R RH -GC7\01 Current Quote\94246AN00A CVR RMT R RH -GC7.xlsx	0	old
H:\PURCHASING\02 QUOTES\02 MOLDED PART Suppliers\Decatur\94246AN00A CVR RMT R RH -GC7\01 Current Quote\CVR RMT R RH -GC7.xlsx	0	old
H:\PURCHASING\02 QUOTES\02 MOLDED PART Suppliers\Decatur\94246AN01A CVR RMT R LH -GC7\01 Current Quote\94246AN01A CVR RMT R LH -GC7.xlsx	0	old
H:\PURCHASING\02 QUOTES\02 MOLDED PART Suppliers\Decatur\94246AN01A CVR RMT R LH -GC7\01 Current Quote\CVR RMT R LH -GC7.xlsx	0	old
H:\PURCHASING\02 QUOTES\02 MOLDED PART Suppliers\Decatur\S15602890 POCKET OUTER LID-GC7\01 Current Quote\GC7 POCKET OUTER LID-GC7.xlsx	0	old
H:\PURCHASING\02 QUOTES\02 MOLDED PART Suppliers\Decatur\S15602890 POCKET OUTER LID-GC7\01 Current Quote\S15602890 GC7 POCKET OUTER LID-GC7.xlsx	0	old
H:\PURCHASING\02 QUOTES\02 MOLDED PART Suppliers\Decatur\S15602900 POCKET INNER LID (INJECTION & FLOCKING) NEW FLK PROCESS-GC7\01 Current Quote\POCKET INNER LID INJECTION + FLOCKING (New FLK Process) (003)-GC7.xlsx	0	old
H:\PURCHASING\02 QUOTES\02 MOLDED PART Suppliers\Decatur\S15602900 POCKET INNER LID (INJECTION & FLOCKING) NEW FLK PROCESS-GC7\01 Current Quote\S15602900 POCKET INNER LID INJECTION + FLOCKING (New FLK Process) (003)-GC7.xlsx	0	old
H:\PURCHASING\02 QUOTES\02 MOLDED PART Suppliers\Decatur\S18010300 CVR CTR UPR BASE -GC7\01 Current Quote\CVR CTR UPR BASE -GC7.xlsx	0	old
H:\PURCHASING\02 QUOTES\02 MOLDED PART Suppliers\Decatur\S18010300 CVR CTR UPR BASE -GC7\01 Current Quote\S18010300 CVR CTR UPR BASE -GC7.xlsx	0	old
H:\PURCHASING\02 QUOTES\02 MOLDED PART Suppliers\Decatur\S18010310 COVER D MONI BASE -GC7\01 Current Quote\COVER D MONI BASE -GC7.xlsx	0	old
H:\PURCHASING\02 QUOTES\02 MOLDED PART Suppliers\Decatur\S18010310 COVER D MONI BASE -GC7\01 Current Quote\S18010310 COVER D MONI BASE -GC7.xlsx	0	old
H:\PURCHASING\02 QUOTES\02 MOLDED PART Suppliers\Decatur\S73512800-10 BRKT WS DR FR RH-LH -GC7\01 Current Quote\BRKT WS DR F RH-LH -GC7.xlsx	0	old
H:\PURCHASING\02 QUOTES\02 MOLDED PART Suppliers\Decatur\S73512800-10 BRKT WS DR FR RH-LH -GC7\01 Current Quote\S73512800-10 BRKT WS DR F RH-LH -GC7.xlsx	0	old
H:\PURCHASING\02 QUOTES\02 MOLDED PART Suppliers\Decatur\S73512820-30 BRKT WS DR RR RH-LH -GC7\01 Current Quote\BRKT WS DR R RH-LH  -GC7.xlsx	0	old
H:\PURCHASING\02 QUOTES\02 MOLDED PART Suppliers\Decatur\S73512820-30 BRKT WS DR RR RH-LH -GC7\01 Current Quote\S73512820-30 BRKT WS DR R RH-LH  -GC7.xlsx	0	old
H:\PURCHASING\02 QUOTES\02 MOLDED PART Suppliers\Decatur\S73512940 PNL PW SW F RH -GC7\01 Current Quote\PNL PW SW F RH -GC7.xlsx	0	old
H:\PURCHASING\02 QUOTES\02 MOLDED PART Suppliers\Decatur\S73512940 PNL PW SW F RH -GC7\01 Current Quote\S73512940 PNL PW SW F RH -GC7.xlsx	0	old
H:\PURCHASING\02 QUOTES\02 MOLDED PART Suppliers\Decatur\S73512950 PNL PW SW F LH -GC7\01 Current Quote\PNL PW SW F LH -GC7.xlsx	0	old
H:\PURCHASING\02 QUOTES\02 MOLDED PART Suppliers\Decatur\S73512950 PNL PW SW F LH -GC7\01 Current Quote\S73512950 PNL PW SW F LH -GC7.xlsx	0	old
H:\PURCHASING\02 QUOTES\02 MOLDED PART Suppliers\Decatur\S73512960 PNL PW SW R RH -GC7\01 Current Quote\PNL PW SW R RH -GC7.xlsx	0	old
H:\PURCHASING\02 QUOTES\02 MOLDED PART Suppliers\Decatur\S73512960 PNL PW SW R RH -GC7\01 Current Quote\S73512960 PNL PW SW R RH -GC7.xlsx	0	old
H:\PURCHASING\02 QUOTES\02 MOLDED PART Suppliers\Decatur\S73512970 PNL PW SW R LH -GC7\01 Current Quote\PNL PW SW R LH -GC7.xlsx	0	old
H:\PURCHASING\02 QUOTES\02 MOLDED PART Suppliers\Decatur\S73512970 PNL PW SW R LH -GC7\01 Current Quote\S73512970 PNL PW SW R LH -GC7.xlsx	0	old
H:\PURCHASING\02 QUOTES\02 MOLDED PART Suppliers\Dr. Schneider\92142AN03A PNL SW GRILL SW GC7\01 Current Quote\92142AN03A PNL SW GRILL SW GC7.xlsx	0	old
H:\PURCHASING\02 QUOTES\02 MOLDED PART Suppliers\Dr. Schneider\92142AN03A PNL SW GRILL SW GC7\01 Current Quote\PNL SW GRILL SW GC7.xlsx	0	old
H:\PURCHASING\02 QUOTES\02 MOLDED PART Suppliers\Dr. Schneider\92142AN04A PNL SW GRILL GC7\01 Current Quote\92142AN04A PNL SW GRILL GC7.xlsx	0	old
H:\PURCHASING\02 QUOTES\02 MOLDED PART Suppliers\Dr. Schneider\92142AN04A PNL SW GRILL GC7\01 Current Quote\PNL SW GRILL GC7.xlsx	0	old
H:\PURCHASING\02 QUOTES\02 MOLDED PART Suppliers\Dr. Schneider\92145AN00A GRILL ASSY R GC7\01 Current Quote\92145AN00A GRILL ASSY R GC7.xlsx	0	old
H:\PURCHASING\02 QUOTES\02 MOLDED PART Suppliers\Dr. Schneider\92145AN00A GRILL ASSY R GC7\01 Current Quote\GRILL ASSY R GC7.xlsx	0	old
H:\PURCHASING\02 QUOTES\02 MOLDED PART Suppliers\Dr. Schneider\S22008240 RING PNL SW BASE GC7\01 Current Quote\RING PNL SW BASE GC7.xlsx	0	old
H:\PURCHASING\02 QUOTES\02 MOLDED PART Suppliers\Dr. Schneider\S22008240 RING PNL SW BASE GC7\01 Current Quote\S22008240 RING PNL SW BASE GC7.xlsx	0	old
H:\PURCHASING\02 QUOTES\02 MOLDED PART Suppliers\EIMO\66078AN01A ORN PNL P B GC7\01 Current Quote\66078AN01A Ornament Panel P. B..xlsx	0	old
H:\PURCHASING\02 QUOTES\02 MOLDED PART Suppliers\EIMO\94236AN02A Door CVR F RH\01 Current Quote\94236AN02A Door CVR F RH_20200729.xlsx	0	old
H:\PURCHASING\02 QUOTES\02 MOLDED PART Suppliers\EIMO\94236AN02A Door CVR F RH\01 Current Quote\Door CVR F RH_20200729.xlsx	0	old
H:\PURCHASING\02 QUOTES\02 MOLDED PART Suppliers\EIMO\94236AN03A Door CVR F LH\01 Current Quote\94236AN03A Door CVR F LH_20200729.xlsx	0	old
H:\PURCHASING\02 QUOTES\02 MOLDED PART Suppliers\EIMO\94236AN03A Door CVR F LH\01 Current Quote\Door CVR F LH_20200729.xlsx	0	old
H:\PURCHASING\02 QUOTES\02 MOLDED PART Suppliers\EIMO\94236AN05A Door CVR F LH\01 Current Quote\94236AN05A Door CVR F LH_20200729.xlsx	0	old
H:\PURCHASING\02 QUOTES\02 MOLDED PART Suppliers\EIMO\94236AN05A Door CVR F LH\01 Current Quote\Door CVR F LH_20200729.xlsx	0	old
H:\PURCHASING\02 QUOTES\02 MOLDED PART Suppliers\EIMO\94246AN02A Door CVR R RH\01 Current Quote\94246AN02A Door CVR R RH_20200729.xlsx	0	old
H:\PURCHASING\02 QUOTES\02 MOLDED PART Suppliers\EIMO\94246AN02A Door CVR R RH\01 Current Quote\Door CVR R RH_20200729.xlsx	0	old
H:\PURCHASING\02 QUOTES\02 MOLDED PART Suppliers\EIMO\94246AN03A Door CVR R LH\01 Current Quote\94246AN03A Door CVR R LH.xlsx	0	old
H:\PURCHASING\02 QUOTES\02 MOLDED PART Suppliers\EIMO\94246AN03A Door CVR R LH\01 Current Quote\Door CVR R LH.xlsx	0	old
H:\PURCHASING\02 QUOTES\02 MOLDED PART Suppliers\Exhibit A\66117AN00A-01A Grill Speaker SD RH LH\01 Current Quote\66117AN00A-01A Grill Speaker SD RH LH.xlsx	0	old
H:\PURCHASING\02 QUOTES\02 MOLDED PART Suppliers\Exhibit A\92126AN02A Cover F B Base\01 Current Quote\92126AN02A Cover F B Base.xlsx	0	old
H:\PURCHASING\02 QUOTES\02 MOLDED PART Suppliers\Exhibit A\92126AN03A cover F B High\01 Current Quote\92126AN03A CVR F B High.xlsx	0	old
H:\PURCHASING\02 QUOTES\02 MOLDED PART Suppliers\Exhibit A\94088AN10A-11A Pad A PLR\01 Current Quote\94088AN10A-11A Pad A PLR.xlsx	0	old
H:\PURCHASING\02 QUOTES\02 MOLDED PART Suppliers\Exhibit A\94088AN12A-13A Pad SD Rail D GC7\01 Current Quote\94088AN12A-13A Pad SD Rail D RH LH  GC7.xlsx	0	old
H:\PURCHASING\02 QUOTES\02 MOLDED PART Suppliers\Exhibit A\S15100600 PNL MID D BASE GC7\01 Current Quote\S15100600 PNL MID D BASE GC7.xlsx	0	old
H:\PURCHASING\02 QUOTES\02 MOLDED PART Suppliers\Exhibit A\S22008120 Pocket Center SD RH\01 Current Quote\S22008120 Pocket Center SD RH.xlsx	0	old
H:\PURCHASING\02 QUOTES\02 MOLDED PART Suppliers\Exhibit A\S87004630 Patch HMSL\01 Current Quote\S87004630 Patch HMSL.xlsx	0	old
H:\PURCHASING\02 QUOTES\02 MOLDED PART Suppliers\Exhibit A\S87004640 Patch Room STD\01 Current Quote\S87004640 Patch Room STD  GC7.xlsx	0	old
H:\PURCHASING\02 QUOTES\02 MOLDED PART Suppliers\Exhibit A\S87004650 Patch Room SDN SUN GC7\01 Current Quote\S87004650 Patch Room SDN SUN.xlsx	0	old
H:\PURCHASING\02 QUOTES\02 MOLDED PART Suppliers\Exhibit A\S87004680-4690 Pad RF SDN STD B\01 Current Quote\S87004680-4690 Pad RF SDN B RH LH  GC7.xlsx	0	old
H:\PURCHASING\02 QUOTES\02 MOLDED PART Suppliers\Exhibit A\S87004700-4710 Pad RF SDN STD C RH LH\01 Current Quote\S87004700-4710 Pad RF SDN STD C LH RH.xlsx	0	old
H:\PURCHASING\02 QUOTES\02 MOLDED PART Suppliers\Exhibit A\S87004760-4770 Pad RF SDN SUN C RH LH\01 Current Quote\S87004760-4770 Pad RF SDN SUN C RH LH.xlsx	0	old
H:\PURCHASING\02 QUOTES\02 MOLDED PART Suppliers\Exhibit A\S87004780-4790 Pad RF SDN D RH LH GC7\01 Current Quote\S87004780-4790 Pad RF SDN D RH LH.xlsx	0	old
H:\PURCHASING\02 QUOTES\02 MOLDED PART Suppliers\Exhibit A\S87004930 Pad RF OBK D GC7\01 Current Quote\S87004930 Pad RF WGN D.xlsx	0	old
H:\PURCHASING\02 QUOTES\02 MOLDED PART Suppliers\Exhibit A\S87005040-5050 Pad Roof SDN SUN A RH LH\01 Current Quote\S87005040-5050 Pad RF SDN SUN A RH LH  GC7.xlsx	0	old
H:\PURCHASING\02 QUOTES\02 MOLDED PART Suppliers\Flair\66066FL00A Under Cover P HR3\01 Current Quote\66066FL00A Under Cover P HR3.xlsx	0	old
H:\PURCHASING\02 QUOTES\02 MOLDED PART Suppliers\Flair\66067FL01A Panel Display LWR HR3\01 Current Quote\66067FL01A Panel Display LWR HR3.xlsx	0	old
H:\PURCHASING\02 QUOTES\02 MOLDED PART Suppliers\Flair\83472AL00AVH Panel Switch Black\01 Current Quote\83472AL00AVH Panel Switch Balck with Pad Print 1-18-21 HR3 (with pack).xlsx	0	old
H:\PURCHASING\02 QUOTES\02 MOLDED PART Suppliers\Flair\83472AL04AVH Panel Switch Black\01 Current Quote\83472AL04AVH Panel Switch Balck with Pad Print 1-18-21 HR3 (with pack).xlsx	0	old
H:\PURCHASING\02 QUOTES\02 MOLDED PART Suppliers\Flair\84710AN00AME Cover HMSL GC7\01 Current Quote\84710AN00AME Cover HMSL GC7.xlsx	0	old
H:\PURCHASING\02 QUOTES\02 MOLDED PART Suppliers\Flair\92113FL00A-01A Console Box LWR RH LH\01 Current Quote\92113FL00A-01A Console Box LWR RH LH HR3.xlsx	0	old
H:\PURCHASING\02 QUOTES\02 MOLDED PART Suppliers\Flair\92164AN00A-01A Reinf CVR F RH LH\01 Current Quote\92164AN00A-01A Reinf CVR F RH LH.xlsx	0	old
H:\PURCHASING\02 QUOTES\02 MOLDED PART Suppliers\Flair\92174AN00A Pocket CSL\01 Current Quote\92174AN00A Pocket CSL.xlsx	0	old
H:\PURCHASING\02 QUOTES\02 MOLDED PART Suppliers\Flair\92174AN01A Pocket CSL CD\01 Current Quote\92174AN01A Pocket CSL CD.xlsx	0	old
H:\PURCHASING\02 QUOTES\02 MOLDED PART Suppliers\Flair\92174FL00A Pocket Console\01 Current Quote\92174FL00A Pocket Console HR3.xlsx	0	old
H:\PURCHASING\02 QUOTES\02 MOLDED PART Suppliers\Flair\94013FL00AME-01AME C PNL Upper Lt Gray\01 Current Quote\94013FL00AME-01AME C Pillar Upper Light Gray Rev 6 7-15-20.xlsx	0	old
H:\PURCHASING\02 QUOTES\02 MOLDED PART Suppliers\Flair\94013FL00AME-01AME C PNL Upper Lt Gray\01 Current Quote\C Pillar Upper Light Gray Rev 6 7-15-20.xls	0	old
H:\PURCHASING\02 QUOTES\02 MOLDED PART Suppliers\Flair\94013FL00AVH-01AVH C PNL Upper Black\01 Current Quote\94013FL00AVH-01AVH C Pillar Upper Black.xlsx	0	old
H:\PURCHASING\02 QUOTES\02 MOLDED PART Suppliers\Flair\94013FL00AVH-01AVH C PNL Upper Black\01 Current Quote\C Pillar Upper Black.xls	0	old
H:\PURCHASING\02 QUOTES\02 MOLDED PART Suppliers\Flair\94015FL00AME-01AME Trim PN D PLR Light Gray\01 Current Quote\94015FL00AME-01AME Trim PNL D PLR Light Gray.xlsx	0	old
H:\PURCHASING\02 QUOTES\02 MOLDED PART Suppliers\Flair\94015FL00AME-01AME Trim PN D PLR Light Gray\01 Current Quote\Trim PNL D PLR RH.xls	0	old
H:\PURCHASING\02 QUOTES\02 MOLDED PART Suppliers\Flair\94015FL00AVH-01AVH Trim PN D PLR Black\01 Current Quote\94015FL00AVH-01AVH Trim PNL Assy D PLR RH.xls	0	old
H:\PURCHASING\02 QUOTES\02 MOLDED PART Suppliers\Flair\94015FL00AVH-01AVH Trim PN D PLR Black\01 Current Quote\94015FL00AVH-01AVH Trim PNL Assy D PLR RH.xlsx	0	old
H:\PURCHASING\02 QUOTES\02 MOLDED PART Suppliers\Flair\94022FL10AVH-11AVH B PLR LWR\01 Current Quote\94022FL10AVH-11AVH B Pillar Lower  Rev 6 7-15-20.xlsx	0	old
H:\PURCHASING\02 QUOTES\02 MOLDED PART Suppliers\Flair\94022FL10AVH-11AVH B PLR LWR\01 Current Quote\B Pillar Lower  Rev 6 7-15-20.xls	0	old
H:\PURCHASING\02 QUOTES\02 MOLDED PART Suppliers\Flair\94043FL10AVH-11AVH C PLR LWR\01 Current Quote\94043FL10AVH-11AVH C Pillar Lower.xlsx	0	old
H:\PURCHASING\02 QUOTES\02 MOLDED PART Suppliers\Flair\94043FL10AVH-11AVH C PLR LWR\01 Current Quote\C Pillar Lower.xls	0	old
H:\PURCHASING\02 QUOTES\02 MOLDED PART Suppliers\Flair\94044AN10AVH Cover RF End\01 Current Quote\94044AN10AVH Cover RF End.xlsx	0	old
H:\PURCHASING\02 QUOTES\02 MOLDED PART Suppliers\Flair\94060AN07AVH-08AVH CVR Sill SD FF R L\01 Current Quote\94060AN07AVH-08AVH CVR Sill SD FF R L.xlsx	0	old
H:\PURCHASING\02 QUOTES\02 MOLDED PART Suppliers\Flair\94060AN09AVH-10AVH Cover Sill SD FR R L\01 Current Quote\94060AN09AVH-10AVH Cover Sill SD FR R L.xlsx	0	old
H:\PURCHASING\02 QUOTES\02 MOLDED PART Suppliers\Flair\94060FL10AVH-11AVH CVR Sill SD FF\01 Current Quote\94060FL10AVH-11AVH Cover Sill Side FF RL HR3  7-15-20.xls	0	old
H:\PURCHASING\02 QUOTES\02 MOLDED PART Suppliers\Flair\94060FL10AVH-11AVH CVR Sill SD FF\01 Current Quote\94060FL10AVH-11AVH Cover Sill Side FF RL HR3  7-15-20.xlsx	0	old
H:\PURCHASING\02 QUOTES\02 MOLDED PART Suppliers\Flair\94060FL14AVH-15AVH CVR Sill SD FR\01 Current Quote\94060FL14AVH-15AVH Cover Sill Side FR RL HR3 Rev 4 7-15-20.xls	0	old
H:\PURCHASING\02 QUOTES\02 MOLDED PART Suppliers\Flair\94060FL14AVH-15AVH CVR Sill SD FR\01 Current Quote\94060FL14AVH-15AVH Cover Sill Side FR RL HR3 Rev 4 7-15-20.xlsx	0	old
H:\PURCHASING\02 QUOTES\02 MOLDED PART Suppliers\Flair\94061FL10AVH-11AVH Cover Sill SD RU HR3\01 Current Quote\94061FL10AVH-11AVH Cover Sill Side RU RL  7-15-20.xlsx	0	old
H:\PURCHASING\02 QUOTES\02 MOLDED PART Suppliers\Flair\94061FL10AVH-11AVH Cover Sill SD RU HR3\01 Current Quote\Cover Sill Side RU RL  7-15-20.xls	0	old
H:\PURCHASING\02 QUOTES\02 MOLDED PART Suppliers\Flair\94310AN00AVH Trim PNL R G UPR\01 Current Quote\94310AN00AVH Trim PNL R G UPR.xlsx	0	old
H:\PURCHASING\02 QUOTES\02 MOLDED PART Suppliers\Flair\94310AN00AVH Trim PNL R G UPR\01 Current Quote\Trim PNL R G UPR.xlsx	0	old
H:\PURCHASING\02 QUOTES\02 MOLDED PART Suppliers\Flair\94310FL00AVH Trim PNL Assy R G Upper HR3\01 Current Quote\94310FL00AVH Trim PNL Assy R G Upper HR3.xlsx	0	old
H:\PURCHASING\02 QUOTES\02 MOLDED PART Suppliers\Flair\94330FL04AVH-05AVH Trim Panel Assy R G SD HR3\01 Current Quote\94330FL04AVH-05AVH Trim Panel Assy R G SD RHLH 2-12-21.xlsx	0	old
H:\PURCHASING\02 QUOTES\02 MOLDED PART Suppliers\Flair\94511AN03AVH Trim PNL TRK RR\01 Current Quote\94511AN03AVH Trim PNL TRK RR.xlsx	0	old
H:\PURCHASING\02 QUOTES\02 MOLDED PART Suppliers\Flair\94511AN03AVH Trim PNL TRK RR\01 Current Quote\Trim PNL TRK RR.xlsx	0	old
H:\PURCHASING\02 QUOTES\02 MOLDED PART Suppliers\Flair\94511AN07AVH-08AVH Trim PNL TRK FT R L\01 Current Quote\94511AN07AVH-08AVH Trim PNL TRK FT R L.xlsx	0	old
H:\PURCHASING\02 QUOTES\02 MOLDED PART Suppliers\Flair\94511AN07AVH-08AVH Trim PNL TRK FT R L\01 Current Quote\Trim PNL TRK FT R L.xlsx	0	old
H:\PURCHASING\02 QUOTES\02 MOLDED PART Suppliers\Flair\95073AN00AVH Edge Floor R\01 Current Quote\95073AN00AVH Edge Floor R.xlsx	0	old
H:\PURCHASING\02 QUOTES\02 MOLDED PART Suppliers\Flair\95073AN00AVH Edge Floor R\01 Current Quote\Edge Floor R.xlsx	0	old
H:\PURCHASING\02 QUOTES\02 MOLDED PART Suppliers\Flair\S15100610 Ornament PNL P A Tri\01 Current Quote\S15100610 Ornament PNL P A Tri.xlsx	0	old
H:\PURCHASING\02 QUOTES\02 MOLDED PART Suppliers\Flair\S15100620 Ornament PNL P A PVC\01 Current Quote\S15100620 Ornament PNL P A PVC.xlsx	0	old
H:\PURCHASING\02 QUOTES\02 MOLDED PART Suppliers\Flair\S15100660 Ornament PNL D Tri\01 Current Quote\S15100660 Ornament PNL D Tri.xlsx	0	old
H:\PURCHASING\02 QUOTES\02 MOLDED PART Suppliers\Flair\S15100670 Ornament PNL D PVC\01 Current Quote\S15100670 Ornament PNL D PVC.xlsx	0	old
H:\PURCHASING\02 QUOTES\02 MOLDED PART Suppliers\Flair\S22008130 Cover F A Upper\01 Current Quote\S22008130 Cover F A Upper.xlsx	0	old
H:\PURCHASING\02 QUOTES\02 MOLDED PART Suppliers\Flair\S73512840-2850 Pull Handle F RH LH GC7\01 Current Quote\S73512840-2850 Pull Handle F RH LH GC7.xlsx	0	old
H:\PURCHASING\02 QUOTES\02 MOLDED PART Suppliers\Flair\S73512860-2870 Pull Handle R RH LH GC7\01 Current Quote\S73512860-2870 Pull Handle R RH LH GC7.xlsx	0	old
H:\PURCHASING\02 QUOTES\02 MOLDED PART Suppliers\Flair\S73513000-10 Brkt WS DR FF R L\01 Current Quote\S73513000-10 Brkt WS DR FF R L.xlsx	0	old
H:\PURCHASING\02 QUOTES\02 MOLDED PART Suppliers\Flair\S87004620 Patch Eyesight\01 Current Quote\S87004620 Patch Eyesight.xlsx	0	old
H:\PURCHASING\02 QUOTES\02 MOLDED PART Suppliers\Flair\S87004880-90 Pad RF OBK STD B R L\01 Current Quote\S87004880-90 Pad RF OBK STD B R L.xlsx	0	old
H:\PURCHASING\02 QUOTES\02 MOLDED PART Suppliers\Flair\S87005060-70 Pad RF SDN Sun B F R\01 Current Quote\S87005060-70 Pad RF SDN Sun B F R.xlsx	0	old
H:\PURCHASING\02 QUOTES\02 MOLDED PART Suppliers\Flair\S87005100-10 Pad RF OBK Sun B F R\01 Current Quote\S87005100-10 Pad RF OBK Sun B F R.xlsx	0	old
H:\PURCHASING\02 QUOTES\02 MOLDED PART Suppliers\Fuji Component Parts\66208AN00A PNL Sun Sensor\01 Current Quote\66208AN00A PNL SUN SENSOR.xlsx	0	old
H:\PURCHASING\02 QUOTES\02 MOLDED PART Suppliers\Fuji Component Parts\66208AN00A PNL Sun Sensor\01 Current Quote\PNL SUN SENSOR.xlsx	0	old
H:\PURCHASING\02 QUOTES\02 MOLDED PART Suppliers\Fuji Component Parts\66211AN00A Case Sensor\01 Current Quote\66211AN00A CASE SENSOR.xlsx	0	old
H:\PURCHASING\02 QUOTES\02 MOLDED PART Suppliers\Fuji Component Parts\66211AN00A Case Sensor\01 Current Quote\CASE SENSOR.xlsx	0	old
H:\PURCHASING\02 QUOTES\02 MOLDED PART Suppliers\Fuji Component Parts\94053AL10A COVER CATCHER BFR4\01 Current Quote\94053AL10A COVER CATCHER.xlsx	0	old
H:\PURCHASING\02 QUOTES\02 MOLDED PART Suppliers\Fuji Component Parts\94053AL10A COVER CATCHER BFR4\01 Current Quote\COVER CATCHER.xlsx	0	old
H:\PURCHASING\02 QUOTES\02 MOLDED PART Suppliers\Fuji Component Parts\S15013160 Visor Inner A\01 Current Quote\S15013160 Visor Inner A.xlsx	0	old
H:\PURCHASING\02 QUOTES\02 MOLDED PART Suppliers\Fuji Component Parts\S15013180 Visor Inner B\01 Current Quote\S15013180 Visor Inner B.xlsx	0	old
H:\PURCHASING\02 QUOTES\02 MOLDED PART Suppliers\Fuji Component Parts\S87004600 SPACER SV BASE RH-GC7\01 Current Quote\S87004600 SPACER SV BASE RH, LH- GC7.xlsx	0	old
H:\PURCHASING\02 QUOTES\02 MOLDED PART Suppliers\Fuji Component Parts\S87004600 SPACER SV BASE RH-GC7\01 Current Quote\SPACER SV BASE RH, LH- GC7.xlsx	0	old
H:\PURCHASING\02 QUOTES\02 MOLDED PART Suppliers\Fuji Component Parts\S87004610 SPACER SV BASE LH-GC7\01 Current Quote\S87004610 SPACER SV BASE RH, LH- GC7.xlsx	0	old
H:\PURCHASING\02 QUOTES\02 MOLDED PART Suppliers\Fuji Component Parts\S87004610 SPACER SV BASE LH-GC7\01 Current Quote\SPACER SV BASE RH, LH- GC7.xlsx	0	old
H:\PURCHASING\02 QUOTES\02 MOLDED PART Suppliers\Fuji Component Parts\S87004830 PATCH LUGG LAMP-GC7\01 Current Quote\PATCH LUGG LAMP-GC7.xlsx	0	old
H:\PURCHASING\02 QUOTES\02 MOLDED PART Suppliers\Fuji Component Parts\S87004830 PATCH LUGG LAMP-GC7\01 Current Quote\S87004830 PATCH LUGG LAMP-GC7.xlsx	0	old
H:\PURCHASING\02 QUOTES\02 MOLDED PART Suppliers\Fuji Component Parts\S87004980 PAD RF OBK SUN C RH-GC7\01 Current Quote\PAD FR OBK SUN C RH, LH--GC7.xlsx	0	old
H:\PURCHASING\02 QUOTES\02 MOLDED PART Suppliers\Fuji Component Parts\S87004980 PAD RF OBK SUN C RH-GC7\01 Current Quote\S87004980 PAD FR OBK SUN C RH, LH--GC7.xlsx	0	old
H:\PURCHASING\02 QUOTES\02 MOLDED PART Suppliers\Fuji Component Parts\S87004990 PAD RF OBK SUN C LH-GC7\01 Current Quote\PAD FR OBK SUN C RH, LH--GC7.xlsx	0	old
H:\PURCHASING\02 QUOTES\02 MOLDED PART Suppliers\Fuji Component Parts\S87004990 PAD RF OBK SUN C LH-GC7\01 Current Quote\S87004990 PAD FR OBK SUN C RH, LH--GC7.xlsx	0	old
H:\PURCHASING\02 QUOTES\02 MOLDED PART Suppliers\Fuji Component Parts\S92101230 COVER HOOK F RH-GA9\01 Current Quote\COVER HOOK F RH-GA9.xlsx	0	old
H:\PURCHASING\02 QUOTES\02 MOLDED PART Suppliers\Fuji Component Parts\S92101230 COVER HOOK F RH-GA9\01 Current Quote\S92101230 COVER HOOK F RH-GA9.xlsx	0	old
H:\PURCHASING\02 QUOTES\02 MOLDED PART Suppliers\Fuji Component Parts\S92101240 COVER HOOK F LH-GA9\01 Current Quote\COVER HOOK F LH-GA9.xlsx	0	old
H:\PURCHASING\02 QUOTES\02 MOLDED PART Suppliers\Fuji Component Parts\S92101240 COVER HOOK F LH-GA9\01 Current Quote\S92101240 COVER HOOK F LH-GA9.xlsx	0	old
H:\PURCHASING\02 QUOTES\02 MOLDED PART Suppliers\Fuji Component Parts\S92101250 COVER HOOK R RH-GA9\01 Current Quote\COVER HOOK R RH-GA9.xlsx	0	old
H:\PURCHASING\02 QUOTES\02 MOLDED PART Suppliers\Fuji Component Parts\S92101250 COVER HOOK R RH-GA9\01 Current Quote\S92101250 COVER HOOK R RH-GA9.xlsx	0	old
H:\PURCHASING\02 QUOTES\02 MOLDED PART Suppliers\Fuji Component Parts\S92101260 COVER HOOK R LH-GA9\01 Current Quote\COVER HOOK R LH-GA9.xlsx	0	old
H:\PURCHASING\02 QUOTES\02 MOLDED PART Suppliers\Fuji Component Parts\S92101260 COVER HOOK R LH-GA9\01 Current Quote\S92101260 COVER HOOK R LH-GA9.xlsx	0	old
H:\PURCHASING\02 QUOTES\02 MOLDED PART Suppliers\Global\66073AN02A-03A CVR IP SD LWR RH LH\01 Current Quote\66073AN02A-03A CVR IP SD LWR RH LH_20200317.xlsx	0	old
H:\PURCHASING\02 QUOTES\02 MOLDED PART Suppliers\Global\66073AN02A-03A CVR IP SD LWR RH LH\01 Current Quote\CVR IP SD LWR RH LH_20200317.xlsx	0	old
H:\PURCHASING\02 QUOTES\02 MOLDED PART Suppliers\Global\66117AN02A Grill Speaker AY CTR GC7\01 Current Quote\66117AN02A Grill Speaker Assy CTR GC7.xlsx	0	old
H:\PURCHASING\02 QUOTES\02 MOLDED PART Suppliers\Global\92173AN00A Tray Center Lower\01 Current Quote\92173AN00A Tray Ctr Lwr GC7.xlsx	0	old
H:\PURCHASING\02 QUOTES\02 MOLDED PART Suppliers\Global\S15013210 Visor Meter Base GC7\01 Current Quote\S15013210 Visor Meter Base GC7.xlsx	0	old
H:\PURCHASING\02 QUOTES\02 MOLDED PART Suppliers\Global\S15013220 Visor Ring Black GC7\01 Current Quote\S15013220 Visor Ring Black GC7_20200617.xlsx	0	old
H:\PURCHASING\02 QUOTES\02 MOLDED PART Suppliers\Global\S15013220 Visor Ring Black GC7\01 Current Quote\Visor Ring Black GC7_20200617.xlsx	0	old
H:\PURCHASING\02 QUOTES\02 MOLDED PART Suppliers\Global\S15013240 Visor Ring Gray GC7\01 Current Quote\S15013240 Visor Ring Gray GC7_20200617.xlsx	0	old
H:\PURCHASING\02 QUOTES\02 MOLDED PART Suppliers\Global\S15013240 Visor Ring Gray GC7\01 Current Quote\Visor Ring Gray GC7_20200617.xlsx	0	old
H:\PURCHASING\02 QUOTES\02 MOLDED PART Suppliers\Global\S92200480 Garnish IN UPR RH GC7\01 Current Quote\Garnish IN UPR RH GC7.xlsx	0	old
H:\PURCHASING\02 QUOTES\02 MOLDED PART Suppliers\Global\S92200480 Garnish IN UPR RH GC7\01 Current Quote\S92200480 Garnish IN UPR RH GC7.xlsx	0	old
H:\PURCHASING\02 QUOTES\02 MOLDED PART Suppliers\Global\S92200490 Garnish IN UPR LH GC7\01 Current Quote\Garnish IN UPR LH GC7.xlsx	0	old
H:\PURCHASING\02 QUOTES\02 MOLDED PART Suppliers\Global\S92200490 Garnish IN UPR LH GC7\01 Current Quote\S92200490 Garnish IN UPR LH GC7.xlsx	0	old
H:\PURCHASING\02 QUOTES\02 MOLDED PART Suppliers\Global\S92200570-580 Spoiler SD LWR RH LH\01 Current Quote\S92200570-580 Spoiler SD LWR RH LH_20200317.xlsx	0	old
H:\PURCHASING\02 QUOTES\02 MOLDED PART Suppliers\Global\S92200570-580 Spoiler SD LWR RH LH\01 Current Quote\Spoiler SD LWR RH LH_20200317.xlsx	0	old
H:\PURCHASING\02 QUOTES\02 MOLDED PART Suppliers\Molten\S71507840-7850 Trim BD Armrest F RH LH\01 Current Quote\S71507840-7850 Trim BD Armrest F.xlsx	0	old
H:\PURCHASING\02 QUOTES\02 MOLDED PART Suppliers\Molten\S71507860-7870 Trim BD Armrest R RH LH\01 Current Quote\S71507860-7870 Trim BD Armrest R.xlsx	0	old
H:\PURCHASING\02 QUOTES\02 MOLDED PART Suppliers\Molten\S71507920-7930 Ornament BD F RH LH\01 Current Quote\S71507920-7930 ORNAMNET BD F.xlsx	0	old
H:\PURCHASING\02 QUOTES\02 MOLDED PART Suppliers\Molten\S71507940-7950 Ornament BD R RH LH\01 Current Quote\S71507940-7950 ORN BD R.xlsx	0	old
H:\PURCHASING\02 QUOTES\02 MOLDED PART Suppliers\Molten\S92200500-510 Garnish Inner LWR RH LH\01 Current Quote\S92200500-510 Garnish IN LWR.xlsx	0	old
H:\PURCHASING\02 QUOTES\02 MOLDED PART Suppliers\Par 4\91111AN35A-36A Garnish Lower XC SC\01 Current Quote\91111AN35A-36A Garnish LWR CVR.xls	0	old
H:\PURCHASING\02 QUOTES\02 MOLDED PART Suppliers\Par 4\96023AN00A Spoiler Center Cover (Same as S92200540)\01 Current Quote\96023AN00A Spoiler Center Cover.xlsx	0	old
H:\PURCHASING\02 QUOTES\02 MOLDED PART Suppliers\Par 4\96023AN00A Spoiler Center Cover (Same as S92200540)\01 Current Quote\S92200540 Spoiler Center Cover.xlsx	0	old
H:\PURCHASING\02 QUOTES\02 MOLDED PART Suppliers\Par 4\S15509050 Ornament Panel Mid\01 Current Quote\S15509050 ORN  PNL MID BASE.xlsx	0	old
H:\PURCHASING\02 QUOTES\02 MOLDED PART Suppliers\Par 4\S22008210 Ring Cover Front\01 Current Quote\S22008210  Ring Cover Front.xls	0	old
H:\PURCHASING\02 QUOTES\02 MOLDED PART Suppliers\Par 4\S22008340 Ring Cup Holder\01 Current Quote\S22008340  Ring Cup Holder.xls	0	old
H:\PURCHASING\02 QUOTES\02 MOLDED PART Suppliers\Par 4\S70518500VH-8510VH Trim PNL D PLR SUB\01 Current Quote\S70518500VH-8510VH Trim PNL D PLR SUB.xlsx	0	old
H:\PURCHASING\02 QUOTES\02 MOLDED PART Suppliers\Par 4\S70518500VH-8510VH Trim PNL D PLR SUB\01 Current Quote\Trim PNL D PLR SUB.xls	0	old
H:\PURCHASING\02 QUOTES\02 MOLDED PART Suppliers\Par 4\S73511760-70 PNL DR ORN FR\01 Current Quote\PNL ORN Front.xlsx	0	old
H:\PURCHASING\02 QUOTES\02 MOLDED PART Suppliers\Par 4\S73511760-70 PNL DR ORN FR\01 Current Quote\S73511760-70  PNL ORN Front.xlsx	0	old
H:\PURCHASING\02 QUOTES\02 MOLDED PART Suppliers\PSI Molded Plastics\66115AN01A-02A GRL SD DEF RHLH\01 Current Quote\66115AN01A-02A GRL SD DEF RH+LH.xlsx	0	old
H:\PURCHASING\02 QUOTES\02 MOLDED PART Suppliers\PSI Molded Plastics\S15602930 GC7 Pad Pckt\01 Current Quote\S15602930 GC7 Pad Pckt.xlsx	0	old
H:\PURCHASING\02 QUOTES\02 MOLDED PART Suppliers\Sanko\59110FL00A-01A Mud Guard F HR3\01 Current Quote\59110FL00A-01A Mud Guard F HR3.xlsx	0	old
H:\PURCHASING\02 QUOTES\02 MOLDED PART Suppliers\Sanko\59110XC00A-01A Mud Guard F RH LH TR8\01 Current Quote\59110XC00A-01A Mud Guard F TR8.xlsx	0	old
H:\PURCHASING\02 QUOTES\02 MOLDED PART Suppliers\Sanko\59110XC00A-01A Mud Guard F RH LH TR8\01 Current Quote\59110XC00A-01A Pricing Notification.xlsx	0	old
H:\PURCHASING\02 QUOTES\02 MOLDED PART Suppliers\Sanko\59110XC00A-01A Mud Guard F RH LH TR8\01 Current Quote\Mud Guard F TR8.xlsx	0	old
H:\PURCHASING\02 QUOTES\02 MOLDED PART Suppliers\Wabash\66105FL00A Nozle F DEF Assy HR3\01 Current Quote\66105FL00A Nozzle Defroster Assy.xlsx	0	old
H:\PURCHASING\02 QUOTES\02 MOLDED PART Suppliers\Wabash\92132AN00A Cover Rear Console\01 Current Quote\92132AN00A Cover Rear Console GC7.xlsx	0	old
H:\PURCHASING\02 QUOTES\02 MOLDED PART Suppliers\Wabash\94010FL00AME Trim Panel AY A PLR RH\01 Current Quote\94010FL00AME Trim Panel AY A PLR RH.xlsx	0	old
H:\PURCHASING\02 QUOTES\02 MOLDED PART Suppliers\Wabash\94010FL00AVH Trim Panel AY A PLR RH\01 Current Quote\94010FL00AVH Trim Panel AY A PLR RH.xlsx	0	old
H:\PURCHASING\02 QUOTES\02 MOLDED PART Suppliers\Wabash\94010FL01AME Trim Panel AY A PLR LH\01 Current Quote\94010FL01AME Trim Panel AY A PLR LH.xlsx	0	old
H:\PURCHASING\02 QUOTES\02 MOLDED PART Suppliers\Wabash\94010FL01AVH Trim Panel AY A PLR LH\01 Current Quote\94010FL01AVH Trim Panel AY A PLR LH.xlsx	0	old
H:\PURCHASING\02 QUOTES\02 MOLDED PART Suppliers\Wabash\S15602780 Pocket IN SIA HR3\01 Current Quote\S15602780 Pocket IN SIA HR3.xlsx	0	old
H:\PURCHASING\02 QUOTES\02 MOLDED PART Suppliers\Wabash\S71508240ME-AY Trim Panel C PLR O RH\01 Current Quote\S71508240ME-AY Trim PNL C PLR O RH.xlsx	0	old
H:\PURCHASING\02 QUOTES\02 MOLDED PART Suppliers\Wabash\S71508250ME-AY Trim Panel C PLR O LH\01 Current Quote\S71508250ME-AY Trim PNL C PLR O LH.xlsx	0	old
H:\PURCHASING\02 QUOTES\02 MOLDED PART Suppliers\Wabash\S92200550 Spoiler SD Upper RH\01 Current Quote\S92200550 Spoiler SD Upper RH.xlsx	0	old
H:\PURCHASING\02 QUOTES\02 MOLDED PART Suppliers\Wabash\S92200560 Spoiler SD Upper LH\01 Current Quote\S92200560 Spoiler SD Upper LH  2020-01-02.xlsx	0	old
H:\PURCHASING\02 QUOTES\02 MOLDED PART Suppliers\Wabash\S92200560 Spoiler SD Upper LH\01 Current Quote\Spoiler SD Upper LH  2020-01-02.xlsx	0	old
H:\PURCHASING\02 QUOTES\02 MOLDED PART Suppliers\Wabash\S92200590-600 Cover A PLR F RH LH\01 Current Quote\S92200590-600  COVER A PLR F RH  LH.xlsx	0	old
H:\PURCHASING\02 QUOTES\02 MOLDED PART Suppliers\Wabash\S92200650-660 Cover C PLR S RH LH\01 Current Quote\S92200650-660  COVER C PLR S RH  LH.xlsx	0	old
H:\PURCHASING\02 QUOTES\02 MOLDED PART Suppliers\Wabash\S92200670-680 Cover C PLR O RH LH\01 Current Quote\S92200670-680 COVER C PLR O RH  LH.xlsx	0	old
